Corrected First Name,Corrected Last Name,First Name,Last Name,Gender,Email,Date of Birth,First Name Similarity,Last Name Similarity
Rajiv,Sharma,Mr. Rajivv,Sharmaa,Male,rajiv.sharma@example.com,8/15/1985,0.9666666666666667,0.9714285714285714
Priyanka,Patel,Mrs. Pryanka,Patell,Female,pryanka.patel@example.com,12/25/1990,0.9666666666666667,0.9666666666666667
Anjali,Shukla,Ms. Anjli,Shuklaa,Female,anjli.shukla@example.com,5/5/1995,0.9611111111111111,0.9714285714285714
Arvind,Gupta,Dr. Arvind,Guptah,Male,arvind.gupta@example.com,7/18/1988,1.0,0.9666666666666667
Vikram,Singh,Mr. Vikrm,Singh,Male,vikrm.singh@example.com,3/30/1992,0.9666666666666667,1.0
Neha,Deshpande,Mrs. Neeha,Despande,Female,neeha.despande@example.com,11/14/1987,0.9466666666666665,0.9740740740740741
Shweta,Jani,Ms. Shwta,Jane,Female,shwta.jane@example.com,4/17/1994,0.9611111111111111,0.8833333333333334
Sajani,Varma,Prof. Sanjai,Varmaa,Male,sanjai.varma@example.com,1/9/1984,0.9555555555555556,0.9666666666666667
Amit,Kapur,Mr. Aamit,Kapur,Male,aamit.kapur@example.com,5/28/1989,0.94,1.0
Punya,Chowdhury,Mrs. Puja,Chowdhary,Female,puja.chowdhary@example.com,8/11/1993,0.8266666666666667,0.9555555555555556
Divya,Sharma,Ms. Divyaa,Sharmah,Female,divyaa.sharmah@example.com,2/23/1996,0.9666666666666667,0.9714285714285714
Rohit,Malik,Mr. Rohyt,Malikk,Male,rohyt.malikk@example.com,10/31/1986,0.9066666666666667,0.9666666666666667
Kavia,Pathak,Mrs. Kavitaa,Pathak,Female,kavitaa.pathak@example.com,7/12/1983,0.9428571428571428,1.0
Manoj,Pandey,Mr. Manooj,Pandey,Male,manooj.pandey@example.com,4/15/1990,0.9666666666666667,1.0
Renu,Agarwal,Ms. Reetu,Agarwal,Female,reetu.agarwal@example.com,9/27/1995,0.8266666666666667,1.0
Dipa,Chauhan,Mr. Dipak,Chauhan,Male,dipak.chauhan@example.com,12/8/1985,0.96,1.0
Sneha,Nayak,Mrs. Snehha,Nayak,Female,snehha.nayak@example.com,6/19/1988,0.9666666666666667,1.0
Alok,Saxena,Mr. Alook,Saxenaa,Male,alook.saxenaa@example.com,3/4/1991,0.9533333333333333,0.9714285714285714
Tanvi,Mehta,Ms. Taanvi,Mehta,Female,taanvi.mehta@example.com,11/21/1994,0.9555555555555556,1.0
Vivek,Bajpai,Mr. Vivekk,Bajpayee,Male,vivekk.bajpayee@example.com,2/14/1987,0.9666666666666667,0.8916666666666667
Ananya,Trivedi,Dr. Ananyaa,Trivedy,Female,ananyaa.trivedy@example.com,9/30/1984,0.9714285714285714,0.9428571428571428
Akshay,Khan,Mr. Akshayy,Khaan,Male,akshayy.khaan@example.com,8/19/1991,0.9714285714285714,0.9533333333333333
Sweta,Joshi,Mrs. Swatee,Joshii,Female,swatee.joshii@example.com,3/25/1988,0.9022222222222223,0.9666666666666667
Prateek,Goswami,Mr. Pratikk,Goswamii,Male,pratikk.goswamii@example.com,7/11/1989,0.8857142857142858,0.975
Nidhi,Shah,Ms. Niddhi,Shaha,Female,niddhi.shaha@example.com,5/16/1993,0.9611111111111111,0.96
Gaurav,Jay,Mr. Gauravv,Jayn,Male,gauravv.jayn@example.com,1/22/1986,0.9714285714285714,0.9416666666666667
Wakeeta,Deshmukh,Mrs. Ankeeta,Deshmukh,Female,ankeeta.deshmukh@example.com,10/7/1990,0.9047619047619048,1.0
Siddharth,Malhotra,Mr. Siddhart,Malhotra,Male,siddhart.malhotra@example.com,12/3/1987,0.9777777777777777,1.0
Punya,Yadav,Ms. Punam,Yadaav,Female,punam.yadaav@example.com,4/28/1992,0.9066666666666667,0.9666666666666667
Harsh,Rathod,Mr. Harshh,Rathodd,Male,harshh.rathodd@example.com,8/14/1985,0.9666666666666667,0.9714285714285714
Riya,Chauhan,Mrs. Riyaa,Chauhann,Female,riyaa.chauhan@example.com,2/9/1994,0.96,0.975
Kunal,Varma,Mr. Kunall,Varmaa,Male,kunall.verma@example.com,6/25/1989,0.9666666666666667,0.9666666666666667
Ishita,Mathur,Ms. Isheta,Mathurr,Female,isheta.mathur@example.com,11/18/1991,0.9222222222222223,0.9714285714285714
Abhishek,Tewari,Mr. Abhisek,Tewari,Male,abhisek.tewari@example.com,5/30/1988,0.975,1.0
Shrut,Nagy,Mrs. Shruty,Nayudu,Female,shruty.nayudu@example.com,9/12/1993,0.9666666666666667,0.8
Varun,Kulkarni,Mr. Varunn,Kulkarny,Male,varunn.kulkarny@example.com,7/21/1986,0.9666666666666667,0.95
Pallavi,Rao,Ms. Pallavvi,Rawo,Female,pallavvi.rawo@example.com,1/15/1990,0.975,0.9333333333333333
Aditya,Menon,Mr. Adityaa,Menonn,Male,adityaa.menonn@example.com,4/6/1987,0.9714285714285714,0.9666666666666667
Tanya,Joshi,Mrs. Taniya,Joshie,Female,taniya.joshie@example.com,8/29/1992,0.9611111111111111,0.9666666666666667
Rohan,Shetty,Mr. Rohann,Shettyy,Male,rohann.shettyy@example.com,3/17/1985,0.9666666666666667,0.9714285714285714
Kritika,Reddy,Ms. Krittika,Redddy,Female,krittika.redddy@example.com,10/22/1994,0.975,0.9666666666666667
Nikhil,Iyer,Mr. Nikhill,Iyyer,Male,nikhill.iyyer@example.com,12/14/1989,0.9714285714285714,0.9466666666666665
Meghana,Chawla,Mrs. Meghaa,Chawlah,Female,meghaa.chawlah@example.com,5/8/1991,0.9714285714285714,0.9714285714285714
Sameer,Ahuja,Mr. Sameeer,Ahooja,Male,sameeer.ahooja@example.com,9/3/1986,0.9714285714285714,0.8577777777777779
Anushka,Malik,Ms. Anushkaa,Malikk,Female,anushkaa.malikk@example.com,7/19/1993,0.975,0.9666666666666667
Karan,Chopra,Mr. Karan,Choprah,Male,karan.choprah@example.com,2/26/1988,1.0,0.9714285714285714
Radhika,Sinha,Mrs. Radhikah,Synha,Female,radhikah.synha@example.com,11/11/1990,0.975,0.88
Arjun,Bose,Mr. Arjun,Bossee,Male,arjun.bossee@example.com,6/24/1985,1.0,0.9222222222222222
Priya,Ranganathan,Ms. Preya,Rangann,Female,preya.rangann@example.com,1/7/1992,0.8933333333333333,0.9272727272727272
Rohit,Chandra,Mr. Rohhit,Chanddra,Male,rohhit.chanddra@example.com,8/30/1987,0.9611111111111111,0.975
Deepika,Kapoor,Mrs. Deepikaa,Kappor,Female,deepikaa.kappor@example.com,4/13/1994,0.975,0.9222222222222223
Rajveer,Nayar,Mr. Rajeev,Nayar,Male,rajeev.nayar@example.com,10/28/1989,0.9277777777777778,1.0
Anjali,Menon,Ms. Anjalii,Meenon,Female,anjalii.meenon@example.com,3/15/1991,0.9714285714285714,0.9555555555555556
Vikas,Dube,Mr. Vikass,Dube,Male,vikass.dube@example.com,12/9/1986,0.9666666666666667,1.0
Shalini,Lanka,Mrs. Shalinii,Vankat,Female,shalinii.vankat@example.com,5/22/1993,0.975,0.8222222222222223
Ankit,Bajaj,Mr. Ankitt,Bajajj,Male,ankitt.bajajj@example.com,7/17/1988,0.9666666666666667,0.9666666666666667
Neha,Rao,Ms. Nehaa,Rawo,Female,nehaa.rawo@example.com,2/4/1990,0.96,0.9333333333333333
Rahul,Khan,Mr. Raul,Khaan,Male,raul.khaan@example.com,5/19/1987,0.9466666666666665,0.9533333333333333
Sonal,Banerjee,Mrs. Sonalii,Banerjee,Female,sonalii.banerjee@example.com,9/14/1992,0.9428571428571428,1.0
Harsh,Kumar,Mr. Harishh,Kumarr,Male,harishh.kumarr@example.com,11/28/1985,0.9333333333333333,0.9666666666666667
Pooja,Sengupta,Ms. Poojaa,Sengupta,Female,poojaa.sengupta@example.com,6/7/1993,0.9666666666666667,1.0
Mohit,Agrawal,Mr. Mohit,Agrawall,Male,mohit.agrawall@example.com,1/22/1988,1.0,0.975
Jahnavi,Dutta,Mrs. Jahnvi,Duttaa,Female,jahnvi.duttaa@example.com,4/15/1991,0.9714285714285714,0.9666666666666667
Surya,Naidu,Mr. Suryaa,Naiduu,Male,suryaa.naiduu@example.com,8/9/1986,0.9666666666666667,0.9666666666666667
Kriti,Khanna,Ms. Kritii,Khannaa,Female,kritii.khannaa@example.com,3/24/1994,0.9666666666666667,0.9714285714285714
Yash,Bansal,Mr. Yashh,Bhansali,Male,yashh.bhansali@example.com,7/18/1989,0.96,0.9249999999999999
Tanu,Chakraborty,Mrs. Tanushree,Chakraborty,Female,tanushree.chakraborty@example.com,12/31/1990,0.888888888888889,1.0
Rishabh,Sethi,Mr. Rishabh,Sethii,Male,rishabh.sethii@example.com,2/13/1987,1.0,0.9666666666666667
Aastha,Malhotra,Ms. Aastha,Malhotraa,Female,aastha.malhotraa@example.com,10/26/1993,1.0,0.9777777777777777
Dhruv,Wadhwa,Mr. Dhruvv,Wadhwaa,Male,dhruvv.wadhwaa@example.com,5/11/1988,0.9666666666666667,0.9714285714285714
Ishani,Bose,Mrs. Ishani,Bose,Female,ishani.bose@example.com,9/4/1991,1.0,1.0
Adarsh,Sood,Mr. Adarshh,Sood,Male,adarshh.sood@example.com,4/27/1986,0.9714285714285714,1.0
Bhavya,Rao,Ms. Bhavyaa,Raoot,Female,bhavyaa.raoot@example.com,1/10/1994,0.9714285714285714,0.9066666666666667
Chirag,Mehra,Mr. Chirag,Mehraa,Male,chirag.mehraa@example.com,8/23/1989,1.0,0.9666666666666667
Dipa,Barman,Mrs. Dipikaa,Burman,Female,dipikaa.burman@example.com,7/16/1992,0.9,0.9
Eshaan,Ganguly,Mr. Eshaan,Ganguly,Male,eshaan.ganguly@example.com,12/29/1987,1.0,1.0
Falguni,Chand,Ms. Falgunii,Chandok,Female,falgunii.chandok@example.com,5/12/1993,0.975,0.9428571428571428
Gaurav,Ahluwalia,Mr. Gaurav,Ahluwaliaa,Male,gaurav.ahluwaliaa@example.com,10/25/1988,1.0,0.98
Harshita,Dalal,Mrs. Harshitaa,Dalal,Female,harshitaa.dalal@example.com,3/8/1991,0.9777777777777777,1.0
Indebir,Grewal,Mr. Inder,Grewwal,Male,inder.grewwal@example.com,11/21/1986,0.9428571428571428,0.9714285714285714
Jeevika,Luthra,Ms. Jeevikaa,Luthraa,Female,jeevikaa.luthraa@example.com,6/14/1994,0.975,0.9714285714285714
Karan,Sodhi,Mr. Karanveer,Sodhii,Male,karanveer.sodhii@example.com,1/27/1989,0.9111111111111111,0.9666666666666667
Lavanya,Baddur,Mrs. Lavanyaa,Badree,Female,lavanyaa.badree@example.com,4/10/1992,0.975,0.8444444444444443
Mani,Nag,Mr. Manit,Nagpal,Male,manit.nagpal@example.com,9/23/1987,0.96,0.8833333333333334
Navya,Sarin,Ms. Navyaa,Sarin,Female,navyaa.sarin@example.com,2/16/1993,0.9666666666666667,1.0
Omkar,Bhatia,Mr. Omkar,Bhatiaa,Male,omkar.bhatiaa@example.com,7/29/1988,1.0,0.9714285714285714
Ari,Chadha,Mrs. Pari,Chaddha,Female,pari.chaddha@example.com,12/12/1991,0.9166666666666666,0.9714285714285714
Amar,Chibber,Mr. Qamar,Chibber,Male,qamar.chibber@example.com,5/25/1986,0.9333333333333332,0.7714285714285715
Rashi,Dugal,Ms. Rashi,Dugall,Female,rashi.dugall@example.com,10/8/1994,1.0,0.9666666666666667
Sagar,Seshadri,Mr. Sagar,Essar,Male,sagar.essar@example.com,3/21/1989,1.0,0.8083333333333332
Krisha,Kohli,Mrs. Trisha,Kohlii,Female,trisha.kohlii@example.com,8/14/1992,0.888888888888889,0.9666666666666667
Udit,Kapadia,Mr. Udit,Kapadiaa,Male,udit.kapadiaa@example.com,1/27/1987,1.0,0.975
Varsha,Lamba,Ms. Varshaa,Lambaa,Female,varshaa.lambaa@example.com,6/10/1993,0.9714285714285714,0.9666666666666667
Wasil,Khan,Mr. Wasim,Khan,Male,wasim.khan@example.com,11/23/1988,0.92,1.0
Xena,Chawla,Mrs. Xena,Chawlaa,Female,xena.chawlaa@example.com,4/6/1991,0.7833333333333333,0.9714285714285714
Yuvraj,Singhal,Mr. Yuvraaj,Saigal,Male,yuvraaj.saigal@example.com,9/19/1986,0.9714285714285714,0.8642857142857143
Zoya,Bera,Ms. Zoya,Berry,Female,zoya.berry@example.com,2/2/1994,1.0,0.8483333333333334
Aayush,Arora,Mr. Aayush,Aroraa,Male,aayush.aroraa@example.com,7/15/1989,1.0,0.9666666666666667
Bhoomi,Bakshi,Mrs. Bhoomi,Bakshi,Female,bhoomi.bakshi@example.com,12/28/1992,0.7968253968253969,1.0
Chetan,Dhingra,Mr. Chetan,Dhingraa,Male,chetan.dhingraa@example.com,5/11/1987,1.0,0.975
Devi,Gill,Ms. Devikaa,Gill,Female,devikaa.gill@example.com,10/24/1993,0.9142857142857143,1.0
Farhan,Hasni,Mr. Farhan,Hassan,Male,farhan.hassan@example.com,3/7/1988,1.0,0.8755555555555556
Geetika,Johal,Mrs. Geetikaa,Johall,Female,geetikaa.johall@example.com,8/20/1991,0.975,0.9666666666666667
Himanshu,Kata,Mr. Himanshu,Katyal,Male,himanshu.katyal@example.com,1/3/1986,1.0,0.9222222222222222
Smt. Anupamaa,Raghavan,Smt. Anupamaa,Raaghavan,Female,anupama.raghavan@example.com,9/14/1985,0.7923076923076923,0.9037037037037037
Shriya,Murthy,Shri. Balaajee,Murthyy,Male,bala.murthy@example.com,12/7/1991,0.8380952380952381,0.9714285714285714
Kum. Chaaya,Devi,Kum. Chaaya,Devii,Female,chaya.devi@example.com,4/23/1996,0.6931818181818182,0.96
Capt. Dineshh,Shekhar,Capt. Dineshh,Shekhawat,Male,dinesh.shekhawat@example.com,7/18/1983,0.7728937728937728,0.9047619047619048
Eshwaritha,Pillai,Mrs. Eshwari,Pillai,Female,eshwari.pillai@example.com,2/28/1990,0.9400000000000001,1.0
Farookh,Hussain,Mr. Farookh,Hussain,Male,farook.hussain@example.com,11/15/1988,0.7825396825396825,1.0
Gayathri,Iyer,Ms. Gayathri,Iyyerr,Female,gayathri.iyer@example.com,5/9/1993,1.0,0.9111111111111111
Harpreet,Grewal,Lt. Harpreet,Grewal,Male,harpreet.grewal@example.com,8/22/1986,0.8888888888888888,1.0
Indroneel,Chatterjee,Dr. Indraneel,Chaterjee,Male,indraneel.chatterjee@example.com,3/17/1984,0.9555555555555556,0.98
Jyoti,Nayar,Mrs. Jyotikaa,Naayar,Female,jyoti.nayar@example.com,10/4/1992,0.925,0.9022222222222223
Kailash,Dixit,Mr. Kailashnath,Dixit,Male,kailash.dixit@example.com,1/27/1989,0.9272727272727272,1.0
Lakshmi,Venkateshwaran,Ms. Lakshmii,Venkatesan,Female,laxmi.venkatesan@example.com,6/12/1995,0.975,0.9428571428571428
Mahesh,Reddy,Prof. Maheshwar,Reddyy,Male,mahesh.reddy@example.com,9/5/1981,0.9333333333333333,0.9666666666666667
Nandini,Heblikar,Mrs. Nandini,Hebbar,Female,nandini.hebbar@example.com,4/20/1987,1.0,0.8736111111111112
Omkar,Bhatt,Mr. Omkaar,Bhattt,Male,omkar.bhat@example.com,7/13/1994,0.9666666666666667,0.9666666666666667
Parth,Menon,Ms. Parvathy,Menonn,Female,parvathi.menon@example.com,12/6/1991,0.9125,0.9666666666666667
Shriya,Ahmad,Shri. Quaiser,Ahmaad,Male,kaiser.ahmad@example.com,5/19/1986,0.8435897435897436,0.9666666666666667
Smt. Radhikha,Sundaram,Smt. Radhikha,Sundaram,Female,radhika.sundaram@example.com,8/2/1993,0.7811813186813187,1.0
Ashish,Kumar,Mr. Sathish,Kumarr,Male,satish.kumar@example.com,3/25/1988,0.8968253968253969,0.9666666666666667
Isha,Gomashe,Ms. Trishaa,Gomes,Female,trisha.gomes@example.com,10/18/1996,0.8571428571428571,0.8533333333333333
Ujjwal,Nagar,Mr. Ujwal,Naagarkar,Male,ujwal.nagarkar@example.com,1/11/1985,0.9555555555555556,0.8281481481481482
Varsha,Kidwai,Mrs. Varshaa,Kini,Female,varsha.kini@example.com,4/24/1992,0.9714285714285714,0.8
Wasil,Khanna,Mr. Wasimuddin,Khann,Male,wasim.khan@example.com,9/7/1989,0.8400000000000001,0.9666666666666667
Xena,Fernandes,Ms. Xena,Fernandis,Female,xena.fernandes@example.com,2/20/1994,0.7833333333333333,0.9555555555555556
Yogesh,Patil,Mr. Yogeshwar,Patill,Male,yogesh.patil@example.com,7/13/1987,0.9333333333333333,0.9666666666666667
Zeeshan,Fathima,Mrs. Zeenath,Fathima,Female,zeenat.fatima@example.com,12/6/1990,0.8200000000000001,1.0
Shriya,Soman,Shri. Aadarsh,Somanii,Male,adarsh.somani@example.com,5/19/1985,0.8435897435897436,0.9428571428571428
Kum. Bhagyashree,Deshpande,Kum. Bhagyashree,Deshpandey,Female,bhagyashri.deshpande@example.com,8/2/1997,0.7785714285714286,0.98
Chandran,Dhoni,Mr. Chandrakant,Dholakkia,Male,chandrakant.dholakia@example.com,1/15/1988,0.9454545454545455,0.8237037037037037
Deepa,Shivagauri,Dr. Deepan,Shivdasani,Male,deepan.shivdasani@example.com,4/28/1983,0.9666666666666667,0.88
Ilakkiyan,Sitaram,Mrs. Elakkiya,Sivaram,Female,elakya.sivaram@example.com,9/11/1991,0.8842592592592592,0.9238095238095239
Feroz,Kade,Mr. Feroz,Kader,Male,feroz.kader@example.com,2/24/1986,0.76,0.96
Goswami,Hegde,Ms. Gowri,Hegde,Female,gouri.hegde@example.com,7/17/1993,0.8323809523809523,1.0
Shrishti,Roshan,Shri. Hrithik,Roshan,Male,hrithik.roshan@example.com,12/10/1989,0.8541208791208791,1.0
Smt. Ishwari,Boase,Smt. Ishwari,Bhonsle,Female,ishwari.bhosle@example.com,5/23/1994,0.7911111111111111,0.8114285714285714
Jitendra,Jadhav,Mr. Jitendraa,Jadhav,Male,jitendra.jadhav@example.com,10/16/1987,0.9777777777777777,1.0
Kavya,Kashyap,Ms. Kavyaa,Kashyapp,Female,kavya.kashyap@example.com,3/9/1992,0.9666666666666667,0.975
Lt. Lokeshwar,Choudhury,Lt. Lokeshwar,Choudhury,Male,lokesh.choudhary@example.com,8/22/1985,0.7323076923076923,1.0
Minakshi,Ayyappan,Mrs. Meenakshii,Ayyappan,Female,meenakshi.ayyappan@example.com,1/15/1990,0.8725,0.7375
Kishore,Bir,Mr. Nandkishore,Biradar,Male,nandkishor.biradar@example.com,6/28/1988,0.8787878787878788,0.8666666666666668
Rashi,Raut,Ms. Oorvashi,Raut,Female,urvashi.raut@example.com,11/21/1995,0.875,1.0
Prabhakar,Nagar,Dr. Prabhakaran,Nambiar,Male,prabhakar.nambiar@example.com,4/14/1982,0.9636363636363636,0.8323809523809523
Arun,Shaikh,Mrs. Qamrun,Sheikh,Female,kamrun.shaikh@example.com,9/27/1993,0.8888888888888888,0.9111111111111112
Rakesh,Rathod,Mr. Rakesh,Rathod,Male,rakesh.rathod@example.com,2/10/1986,1.0,1.0
Samta,Gaikwad,Ms. Samyuktaa,Gaekwad,Female,samyukta.gaekwad@example.com,7/25/1994,0.8962962962962963,0.9238095238095239
Shrishti,Mehta,Shri. Tushaar,Mehtaa,Male,tushar.mehta@example.com,12/18/1989,0.8541208791208791,0.9666666666666667
Smt. Urmila,Manda,Smt. Urmila,Matondkar,Female,urmila.matondkar@example.com,5/31/1992,0.7676948051948053,0.8814814814814814
Vijay,Naik,Mr. Vijaykumar,Naicker,Male,vijay.kumar@example.com,10/24/1987,0.9,0.9
Waida,Parween,Ms. Wahida,Parveen,Female,wahida.parvin@example.com,3/17/1993,0.9555555555555556,0.9333333333333333
Avi,Souza,Mr. Xavier,Dsouza,Male,xavier.dsouza@example.com,8/30/1988,0.8333333333333334,0.9444444444444445
Yashveer,Begum,Mrs. Yasmeen,Begum,Female,yasmin.begum@example.com,1/13/1991,0.8458333333333333,1.0
Sharique,Khan,Shri. Zuber,Khan,Male,zuber.khan@example.com,6/26/1986,0.8121212121212121,1.0
Kum. Aahana,Banerjee,Kum. Aahana,Banerji,Female,aahana.banerjee@example.com,11/19/1997,0.7626262626262627,0.9214285714285715
Armoghan,Pareek,Mr. Brijmohan,Pareek,Male,brij.mohan@example.com,4/12/1985,0.8055555555555555,1.0
Chandani,Sengupta,Dr. Chandni,SenGupta,Female,chandni.sengupta@example.com,9/5/1981,0.975,1.0
Damyanti,Chauhan,Mrs. Damyanti,Chauhan,Female,damyanti.chauhan@example.com,2/18/1990,1.0,1.0
Ektha,Shinde,Mr. Eknath,Shindee,Male,eknath.shinde@example.com,7/11/1987,0.9022222222222223,0.9714285714285714
Falak,Zaidi,Ms. Falak,Zaidi,Female,falak.zaidi@example.com,12/4/1994,1.0,1.0
Shreyansh,Subramaniam,Shri. Ganeshan,Subramaniam,Male,ganesh.subramanian@example.com,5/17/1989,0.8449074074074074,1.0
Smt. Hamsa,Nair,Smt. Hamsa,Nair,Female,hamsa.nair@example.com,10/30/1992,0.7866666666666667,1.0
Irfan,Pathan,Mr. Irfaan,Pathan,Male,irfan.pathan@example.com,3/13/1987,0.9666666666666667,1.0
Janhvi,Kapur,Ms. Jhanvi,Kapur,Female,jhanvi.kapoor@example.com,8/26/1993,0.9500000000000001,1.0
Lt. Karanveer,Singh,Lt. Karanveer,Singh,Male,karanveer.singh@example.com,1/9/1986,0.7948717948717948,1.0
Lavanya,Thakkar,Mrs. Lavanya,Thyagaraj,Female,lavanya.thyagaraj@example.com,6/22/1991,1.0,0.8052910052910053
Mani,Bedi,Mr. Maninder,Bedi,Male,maninder.bedi@example.com,11/15/1988,0.9,1.0
Nanda,Das,Ms. Nandita,Das,Female,nandita.das@example.com,4/28/1995,0.9428571428571428,1.0
Omkar,Nath,Dr. Omkar,Nath,Male,omkar.nath@example.com,9/11/1982,1.0,1.0
Pratibha,Devi,Mrs. Pratibhaa,Devi,Female,pratibha.devi@example.com,2/24/1993,0.9777777777777777,1.0
Qutubuddin,Miyan,Mr. Qutubuddin,Miyan,Male,qutub.miyan@example.com,7/7/1986,0.6571428571428571,0.7911111111111111
Revanth,Krishnamurthy,Ms. Revathy,Krishnamurthy,Female,revathi.krishnamurthy@example.com,12/20/1994,0.9428571428571428,1.0
Shriya,Raj,Shri. Sampath,Raj,Male,sampath.raj@example.com,5/3/1989,0.8435897435897436,1.0
Smt. Tanishta,Chakrabarti,Smt. Tanishta,Chakravarthy,Female,tanishta.chakravarthy@example.com,10/16/1992,0.7692307692307692,0.9136363636363637
Uday,Kurian,Mr. Uday,Kiran,Male,uday.kiran@example.com,3/29/1987,1.0,0.8900000000000001
Vaishnavi,Venkataraman,Ms. Vaishnavi,Venkatraman,Female,vaishnavi.venkatraman@example.com,8/12/1993,1.0,0.946969696969697
Seema,Kara,Mr. Waseem,Akram,Male,waseem.akram@example.com,1/25/1988,0.8222222222222223,0.85
Yashoda,Bai,Mrs. Yashoda,Bai,Female,yashoda.bai@example.com,6/8/1991,1.0,1.0
Shriya,Singh,Shri. Zorawar,Singh,Male,zorawar.singh@example.com,11/21/1986,0.8435897435897436,1.0
Vamakshi,Kohli,Kum. Aashi,Kohli,Female,aashi.kohli@example.com,4/14/1997,0.8107142857142856,1.0
Babu,Meena,Mr. Babulal,Meena,Male,babulal.meena@example.com,9/27/1985,0.9142857142857143,1.0
Charu,Lata,Dr. Charu,Lata,Female,charu.lata@example.com,2/10/1981,1.0,1.0
Divyanshika,Dixit,Mrs. Divyanka,Dixit,Female,divyanka.dixit@example.com,7/23/1990,0.9454545454545455,1.0
Eshwaritha,Prasad,Mr. Eshwar,Prasad,Male,eshwar.prasad@example.com,12/16/1987,0.92,1.0
Farida,Jadhav,Ms. Farida,Jahan,Female,farida.jahan@example.com,5/29/1994,1.0,0.8577777777777779
Shri. Gopalakrishnan,Nair,Shri. Gopalakrishnan,Nair,Male,gopal.nair@example.com,10/12/1989,0.768888888888889,1.0
Smt. Hema,Malik,Smt. Hema,Malini,Female,hema.malini@example.com,3/25/1992,0.7333333333333334,0.8933333333333334
Mitika,Ali,Mr. Imtiaz,Ali,Male,imtiaz.ali@example.com,8/8/1987,0.8222222222222223,1.0
Jaya,Bhadauria,Ms. Jaya,Bhaduri,Female,jaya.bhaduri@example.com,1/21/1993,1.0,0.9555555555555556
Lt. Kirit,Parikh,Lt. Kirit,Parikh,Male,kirit.parikh@example.com,6/4/1986,0.6899470899470899,1.0
Leena,Desai,Mrs. Leelavati,Desai,Female,leelavati.desai@example.com,11/17/1991,0.8237037037037037,1.0
Madhav,Seth,Mr. Madhav,Seth,Male,madhav.seth@example.com,4/30/1988,1.0,1.0
Nainika,Bhatia,Ms. Naina,Bhatia,Female,naina.bhatia@example.com,9/13/1995,0.9428571428571428,1.0
Om,Prakash,Dr. Om,Prakash,Male,om.prakash@example.com,2/26/1982,1.0,1.0
Preeti,Zinta,Mrs. Preeti,Zinta,Female,preeti.zinta@example.com,7/9/1993,1.0,0.7333333333333334
Amar,Kewlani,Mr. Qamar,Jeelani,Male,qamar.jeelani@example.com,12/22/1986,0.9333333333333332,0.8095238095238096
Kamini,Varma,Ms. Rukmini,Varma,Female,rukmini.varma@example.com,5/5/1994,0.8492063492063492,1.0
Shreepriya,Prakash,Shri. Surya,Prakash,Male,surya.prakash@example.com,10/18/1989,0.8118181818181819,1.0
Smt. Tulsi,Das,Smt. Tulsi,Das,Female,tulsi.das@example.com,3/31/1992,0.6888888888888888,1.0
Ujjwal,Ghosh,Mr. Ujjal,Ghosh,Male,ujjal.ghosh@example.com,8/14/1987,0.9611111111111111,1.0
Vibha,Trivedi,Ms. Vibha,Trivedi,Female,vibha.trivedi@example.com,1/27/1993,1.0,1.0
Wafa,Raza,Mr. Wahab,Raza,Male,wahab.raza@example.com,6/10/1988,0.8266666666666667,1.0
Amit,Gautam,Mrs. Yami,Gautam,Female,yami.gautam@example.com,11/23/1991,0.8333333333333334,1.0
Shriya,Ma,Shri. Zafar,Imam,Male,zafar.imam@example.com,4/6/1986,0.8575757575757577,0.8333333333333334
Aayushi,Joshi,Kum. Aayushi,Joshi,Female,aayushi.joshi@example.com,9/19/1997,0.8134920634920636,1.0
Bandhul,Gupta,Mr. Badal,Gupta,Male,badal.gupta@example.com,2/2/1985,0.8323809523809523,1.0
Chirag,Banerjee,Dr. Chitra,Banerjee,Female,chitra.banerjee@example.com,7/15/1981,0.9222222222222223,1.0
Deepali,Shah,Mrs. Deepali,Shah,Female,deepali.shah@example.com,12/28/1990,1.0,1.0
Ehsaan,Quraishi,Mr. Ehsaan,Qureshi,Male,ehsaan.qureshi@example.com,5/11/1987,1.0,0.8694444444444446
Faraz,Khan,Ms. Farah,Khan,Female,farah.khan@example.com,10/24/1994,0.92,1.0
Shivansh,Dutta,Shri. Ganesh,Dutta,Male,ganesh.dutta@example.com,3/7/1989,0.8555555555555556,1.0
Smt. Hina,Rawlani,Smt. Hina,Rabbani,Female,hina.rabbani@example.com,8/20/1992,0.7962962962962963,0.8476190476190477
Iqra,Mohan,Mr. Iqbal,Mohammed,Male,iqbal.mohammed@example.com,1/3/1987,0.8266666666666667,0.86
Juhi,Chawla,Ms. Juhi,Chawla,Female,juhi.chawla@example.com,6/16/1993,1.0,1.0
Lt. Kailash,Chander,Lt. Kailash,Chander,Male,kailash.chander@example.com,11/29/1986,0.7835497835497836,1.0
Lata,Mangal,Mrs. Lata,Mangeshkar,Female,lata.mangeshkar@example.com,4/12/1991,1.0,0.8666666666666667
Manoj,Bajpai,Mr. Manoj,Bajpayee,Male,manoj.bajpayee@example.com,9/25/1988,1.0,0.8916666666666667
Neelja,Kothari,Ms. Neelam,Kothari,Female,neelam.kothari@example.com,2/8/1995,0.9333333333333333,1.0
Omkar,Deshpande,Dr. Omkar,Deshpande,Male,omkar.deshpande@example.com,7/21/1982,1.0,1.0
Poonam,Dhillon,Mrs. Poonam,Dhillon,Female,poonam.dhillon@example.com,12/4/1993,1.0,1.0
Aasim,Shaikh,Mr. Qasim,Shaikh,Male,qasim.shaikh@example.com,5/17/1986,0.8666666666666667,1.0
Radhika,Apte,Ms. Radhika,Apte,Female,radhika.apte@example.com,10/30/1994,1.0,1.0
Shrishti,Khan,Shri. Sohail,Khan,Male,sohail.khan@example.com,3/13/1989,0.8916666666666667,1.0
Smt. Tabu,Shahi,Smt. Tabu,Hashmi,Female,tabu.hashmi@example.com,8/26/1992,0.7985185185185185,0.8777777777777779
Uday,Chopra,Mr. Uday,Chopra,Male,uday.chopra@example.com,1/9/1987,1.0,1.0
Vidya,Balan,Ms. Vidya,Balan,Female,vidya.balan@example.com,6/22/1993,1.0,1.0
Wasil,Akhtar,Mr. Wasim,Akhtar,Male,wasim.akhtar@example.com,11/5/1988,0.92,1.0
Yashodhara,Rao,Mrs. Yashodhara,Rao,Female,yashodhara.rao@example.com,4/18/1991,1.0,1.0
Shrikant,Malik,Shri. Zain,Malik,Male,zain.malik@example.com,9/1/1986,0.87,1.0
Kum. Aarti,Mishra,Kum. Aarti,Mishra,Female,aarti.mishra@example.com,2/14/1997,0.7666666666666666,1.0
Bhanu,Patra,Mr. Bhanu,Pratap,Male,bhanu.pratap@example.com,7/27/1985,1.0,0.8900000000000001
Chayan,Sen,Dr. Chayanika,Sen,Female,chayanika.sen@example.com,12/10/1981,0.9333333333333333,1.0
Damini,Sharma,Mrs. Damini,Sharma,Female,damini.sharma@example.com,5/23/1990,1.0,1.0
Ibrahim,Vakil,Mr. Ebrahim,Vakil,Male,ebrahim.vakil@example.com,10/16/1987,0.9047619047619048,0.7866666666666667
Fatima,Bibi,Ms. Fatima,Bibi,Female,fatima.bibi@example.com,3/29/1994,1.0,1.0
Shriya,Sharma,Shri. Gopal,Sharma,Male,gopal.sharma@example.com,8/12/1989,0.8575757575757577,1.0
Smt. Heena,Parween,Smt. Heena,Parveen,Female,heena.parveen@example.com,1/25/1992,0.7400000000000001,0.9333333333333333
Irfan,Pathak,Mr. Irfan,Pathak,Male,irfan.pathak@example.com,6/8/1987,1.0,1.0
Jaya,Pradhan,Ms. Jaya,Pradha,Female,jaya.pradha@example.com,11/21/1993,1.0,0.9714285714285714
Lt. Karan,Malhotra,Lt. Karan,Malhotra,Male,karan.malhotra@example.com,4/4/1986,0.7333333333333334,1.0
Laxmi,Bai,Mrs. Laxmi,Bai,Female,laxmi.bai@example.com,9/17/1991,1.0,1.0
Mahendra,Singh,Mr. Mahendra,Singh,Male,mahendra.singh@example.com,2/28/1988,1.0,1.0
Nandini,Patel,Ms. Nandini,Patel,Female,nandini.patel@example.com,7/11/1995,1.0,1.0
Omkar,Nath,Dr. Omkar,Nath,Male,omkar.nath@example.com,12/24/1982,1.0,1.0
Pratibha,Devi,Mrs. Pratima,Devi,Female,pratima.devi@example.com,5/7/1993,0.9214285714285715,1.0
Qamaruddin,Shaikh,Mr. Qamaruddin,Shaikh,Male,qamar.shaikh@example.com,10/20/1986,0.7999999999999999,1.0
Ranbir,Mukherjee,Ms. Rani,Mukherjee,Female,rani.mukherjee@example.com,3/3/1994,0.9222222222222222,1.0
Shrishti,Basu,Shri. Soham,Basu,Male,soham.basu@example.com,8/16/1989,0.8590909090909091,1.0
Smt. Tanuja,Mukherjee,Smt. Tanuja,Mukherjee,Female,tanuja.mukherjee@example.com,1/29/1992,0.776969696969697,1.0
Umesh,Yadav,Mr. Umesh,Yadav,Male,umesh.yadav@example.com,6/12/1987,1.0,1.0
Varsha,Sankar,Ms. Varsha,Usgaonkar,Female,varsha.usgaonkar@example.com,11/25/1993,1.0,0.8888888888888888
Wafa,Khan,Mr. Waqar,Khan,Male,waqar.khan@example.com,4/8/1988,0.8266666666666667,1.0
Yasti,Khan,Mrs. Yasmin,Khan,Female,yasmin.khan@example.com,9/21/1991,0.8755555555555556,1.0
Shriya,Ahmed,Shri. Zubair,Ahmed,Male,zubair.ahmed@example.com,2/4/1986,0.85,1.0
Kum. Aasma,Bano,Kum. Aasma,Bano,Female,aasma.bano@example.com,7/17/1997,0.7666666666666666,1.0
Babu,Kumar,Mr. Bablu,Kumar,Male,bablu.kumar@example.com,12/30/1985,0.9533333333333333,1.0
Chaman,Devi,Dr. Champa,Devi,Female,champa.devi@example.com,5/13/1981,0.9333333333333333,1.0
Deepika,Pau,Mrs. Deepika,Padukone,Female,deepika.padukone@example.com,10/26/1990,1.0,0.8333333333333333
Ektha,Gaikwad,Mr. Eknath,Gaikwad,Male,eknath.gaikwad@example.com,3/11/1987,0.9022222222222223,1.0
Farhan,Shaikh,Ms. Farzana,Sheikh,Female,farzana.sheikh@example.com,8/24/1994,0.8944444444444445,0.9111111111111112
Shivansh,Pandit,Shri. Ganesh,Pandit,Male,ganesh.pandit@example.com,1/7/1989,0.8555555555555556,1.0
Smt. Haseena,Parween,Smt. Haseena,Parveen,Female,haseena.parveen@example.com,6/20/1992,0.7946428571428572,0.9333333333333333
Simran,Shahi,Mr. Imran,Hashmi,Male,imran.hashmi@example.com,11/3/1987,0.9444444444444445,0.8777777777777779
Jaya,Machhan,Ms. Jaya,Bachchan,Female,jaya.bachchan@example.com,4/16/1993,1.0,0.8690476190476191
Kaushik,Roy,Lt. Kaushik,Roy,Male,kaushik.roy@example.com,9/29/1986,0.8787878787878788,1.0
Laiba,Khan,Mrs. Laila,Khan,Female,laila.khan@example.com,2/10/1991,0.9066666666666667,1.0
Manish,Paul,Mr. Manish,Paul,Male,manish.paul@example.com,7/23/1988,1.0,1.0
Nainika,Das,Ms. Naina,Das,Female,naina.das@example.com,12/6/1995,0.9428571428571428,1.0
Omkar,Sharma,Dr. Omkar,Sharma,Male,omkar.sharma@example.com,5/19/1982,1.0,1.0
Pooja,Bhatt,Mrs. Pooja,Bhatt,Female,pooja.bhatt@example.com,10/2/1993,1.0,1.0
Qutub,Ali,Mr. Qutub,Ali,Male,qutub.ali@example.com,3/15/1986,0.7666666666666666,1.0
Praveen,Tandon,Ms. Raveena,Tandon,Female,raveena.tandon@example.com,8/28/1994,0.9047619047619048,1.0
Shriya,Jeet,Shri. Samar,Jeet,Male,samar.jeet@example.com,1/11/1989,0.8575757575757577,0.75
Smt. Tanisha,Mukherjee,Smt. Tanisha,Mukherjee,Female,tanisha.mukherjee@example.com,6/24/1992,0.7777777777777777,1.0
Uday,Shankar,Mr. Uday,Shankar,Male,uday.shankar@example.com,11/7/1987,1.0,1.0
Vidhi,Joshi,Ms. Vaidehi,Joshi,Female,vaidehi.joshi@example.com,4/20/1993,0.9142857142857143,1.0
Seema,Raja,Mr. Waseem,Raja,Male,waseem.raja@example.com,9/3/1988,0.8222222222222223,1.0
Yashveer,Kapoor,Mrs. Yasmeen,Kapoor,Female,yasmeen.kapoor@example.com,2/16/1991,0.8458333333333333,1.0
Shrestha,Akhtar,Shri. Zeeshan,Akhtar,Male,zeeshan.akhtar@example.com,7/29/1986,0.8631410256410256,1.0
Aayushi,Sharma,Kum. Aayushi,Sharma,Female,aayushi.sharma@example.com,12/12/1997,0.8134920634920636,1.0
Babu,Yadav,Mr. Babulal,Yadav,Male,babulal.yadav@example.com,5/25/1985,0.9142857142857143,1.0
Charu,Sharma,Dr. Charu,Sharma,Female,charu.sharma@example.com,10/8/1981,1.0,1.0
Deepa,Mehta,Mrs. Deepa,Mehta,Female,deepa.mehta@example.com,3/21/1990,1.0,1.0
Ehsaan,Jafri,Mr. Ehsan,Jafri,Male,ehsan.jafri@example.com,8/14/1987,0.9666666666666667,1.0
Farhan,Bano,Ms. Farheen,Bano,Female,farheen.bano@example.com,1/27/1994,0.9095238095238095,1.0
Shriya,Krishna,Shri. Gopal,Krishna,Male,gopal.krishna@example.com,6/10/1989,0.8575757575757577,1.0
Smt. Hema,Chauhan,Smt. Hema,Chauhan,Female,hema.chauhan@example.com,11/23/1992,0.7333333333333334,1.0
Imtiyaz,Ali,Mr. Imtiyaz,Ali,Male,imtiyaz.ali@example.com,4/6/1987,0.7904761904761904,1.0
Jaya,Pradhan,Ms. Jaya,Prada,Female,jaya.prada@example.com,9/19/1993,1.0,0.9428571428571428
Lt. Kailash,Seth,Lt. Kailash,Seth,Male,kailash.seth@example.com,2/2/1986,0.7835497835497836,1.0
Leena,Patel,Mrs. Leena,Patel,Female,leena.patel@example.com,7/15/1991,1.0,1.0
Manoj,Kumar,Mr. Manoj,Kumar,Male,manoj.kumar@example.com,12/28/1988,1.0,1.0
Neelu,Kapoor,Ms. Neetu,Kapoor,Female,neetu.kapoor@example.com,5/11/1995,0.9066666666666667,1.0
Om,Prakash,Dr. Om,Prakash,Male,om.prakash@example.com,10/24/1982,1.0,1.0
Poonam,Sharma,Mrs. Poonam,Sharma,Female,poonam.sharma@example.com,3/7/1993,1.0,1.0
Amar,Ahmed,Mr. Qamar,Ahmed,Male,qamar.ahmed@example.com,8/20/1986,0.9333333333333332,1.0
Ranbir,Devi,Ms. Rani,Devi,Female,rani.devi@example.com,1/3/1994,0.9222222222222222,1.0
Shriya,Singh,Shri. Samar,Singh,Male,samar.singh@example.com,6/16/1989,0.8575757575757577,1.0
Saanvi,Shah,Smt. Tanvi,Shah,Female,tanvi.shah@example.com,11/29/1992,0.8,1.0
Udit,Narayan,Mr. Udit,Narayan,Male,udit.narayan@example.com,4/12/1987,1.0,1.0
Vanshi,Kapoor,Ms. Vani,Kapoor,Female,vani.kapoor@example.com,9/25/1993,0.9222222222222222,1.0
Wafa,Khan,Mr. Wahab,Khan,Male,wahab.khan@example.com,2/6/1988,0.8266666666666667,1.0
Yasti,Shaikh,Mrs. Yasmin,Sheikh,Female,yasmin.sheikh@example.com,7/19/1991,0.8755555555555556,0.9111111111111112
Shriya,Iqbal,Shri. Zafar,Iqbal,Male,zafar.iqbal@example.com,12/2/1986,0.8575757575757577,1.0
Vamakshi,Kapoor,Kum. Aashi,Kapoor,Female,aashi.kapoor@example.com,5/15/1997,0.8107142857142856,1.0
Babar,Khan,Mr. Babar,Khan,Male,babar.khan@example.com,10/28/1985,1.0,1.0
Chandra,Kochar,Dr. Chanda,Kochhar,Female,chanda.kochhar@example.com,3/11/1981,0.9714285714285714,0.9714285714285714
Deepika,Sharma,Mrs. Deepika,Sharma,Female,deepika.sharma@example.com,8/24/1990,1.0,1.0
Ektha,Shinde,Mr. Eknath,Shinde,Male,eknath.shinde@example.com,1/7/1987,0.9022222222222223,1.0
Farida,Jalal,Ms. Farida,Jalal,Female,farida.jalal@example.com,6/20/1994,1.0,1.0
Shivansh,Pillai,Shri. Ganesh,Pillai,Male,ganesh.pillai@example.com,11/3/1989,0.8555555555555556,1.0
Smt. Hina,Khan,Smt. Hina,Khan,Female,hina.khan@example.com,4/16/1992,0.7962962962962963,1.0
Isha,Khan,Mr. Irshad,Khan,Male,irshad.khan@example.com,9/29/1987,0.8999999999999999,1.0
Jaya,Bhadauria,Ms. Jaya,Bhaduri,Female,jaya.bhaduri@example.com,2/10/1993,1.0,0.9555555555555556
Lt. Kailash,Malhotra,Lt. Kailash,Malhotra,Male,kailash.malhotra@example.com,7/23/1986,0.7835497835497836,1.0
Lata,Mangal,Mrs. Lata,Mangeshkar,Female,lata.mangeshkar@example.com,12/6/1991,1.0,0.8666666666666667
Manoj,Bajpai,Mr. Manoj,Bajpai,Male,manoj.bajpai@example.com,5/19/1988,1.0,1.0
Neelja,Sharma,Ms. Neelam,Sharma,Female,neelam.sharma@example.com,10/2/1995,0.9333333333333333,1.0
Omkar,Nath,Dr. Omkar,Nath,Male,omkar.nath@example.com,3/15/1982,1.0,1.0
Poonam,Dhillon,Mrs. Poonam,Dhillon,Female,poonam.dhillon@example.com,8/28/1993,1.0,1.0
Aasim,Ali,Mr. Qasim,Ali,Male,qasim.ali@example.com,1/11/1986,0.8666666666666667,1.0
Radha,Krishna,Ms. Radha,Krishna,Female,radha.krishna@example.com,6/24/1994,1.0,1.0
Shrishti,Khan,Shri. Sohail,Khan,Male,sohail.khan@example.com,11/7/1989,0.8916666666666667,1.0
Smt. Tabu,Shahi,Smt. Tabu,Hashmi,Female,tabu.hashmi@example.com,4/20/1992,0.7985185185185185,0.8777777777777779
Uday,Chopra,Mr. Uday,Chopra,Male,uday.chopra@example.com,9/3/1987,1.0,1.0
Vidya,Balan,Ms. Vidya,Balan,Female,vidya.balan@example.com,2/16/1993,1.0,1.0
Wasil,Kara,Mr. Wasim,Akram,Male,wasim.akram@example.com,7/29/1988,0.92,0.85
Yashoda,Bai,Mrs. Yashoda,Bai,Female,yashoda.bai@example.com,12/12/1991,1.0,1.0
Shrikant,Malik,Shri. Zain,Malik,Male,zain.malik@example.com,5/25/1986,0.87,1.0
Kum. Aarti,Mishra,Kum. Aarti,Mishra,Female,aarti.mishra@example.com,10/8/1997,0.7666666666666666,1.0
Bhanu,Patra,Mr. Bhanu,Pratap,Male,bhanu.pratap@example.com,3/21/1985,1.0,0.8900000000000001
Chayan,Sen,Dr. Chayanika,Sen,Female,chayanika.sen@example.com,8/4/1981,0.9333333333333333,1.0
Damini,Sharma,Mrs. Damini,Sharma,Female,damini.sharma@example.com,1/17/1990,1.0,1.0
Ibrahim,Vakil,Mr. Ebrahim,Vakil,Male,ebrahim.vakil@example.com,6/30/1987,0.9047619047619048,0.7866666666666667
Fatima,Bibi,Ms. Fatima,Bibi,Female,fatima.bibi@example.com,11/13/1994,1.0,1.0
Shriya,Sharma,Shri. Gopal,Sharma,Male,gopal.sharma@example.com,4/26/1989,0.8575757575757577,1.0
Smt. Heena,Parween,Smt. Heena,Parveen,Female,heena.parveen@example.com,9/9/1992,0.7400000000000001,0.9333333333333333
Irfan,Pathak,Mr. Irfan,Pathak,Male,irfan.pathak@example.com,2/22/1987,1.0,1.0
Jaya,Pradhan,Ms. Jaya,Pradha,Female,jaya.pradha@example.com,7/5/1993,1.0,0.9714285714285714
Lt. Karan,Malhotra,Lt. Karan,Malhotra,Male,karan.malhotra@example.com,12/18/1986,0.7333333333333334,1.0
Laxmi,Bai,Mrs. Laxmi,Bai,Female,laxmi.bai@example.com,5/1/1991,1.0,1.0
Mahendra,Singh,Mr. Mahendra,Singh,Male,mahendra.singh@example.com,10/14/1988,1.0,1.0
Nandini,Patel,Ms. Nandini,Patel,Female,nandini.patel@example.com,3/27/1995,1.0,1.0
Omkar,Nath,Dr. Omkar,Nath,Male,omkar.nath@example.com,8/10/1982,1.0,1.0
Pratibha,Devi,Mrs. Pratima,Devi,Female,pratima.devi@example.com,1/23/1993,0.9214285714285715,1.0
Qamaruddin,Shaikh,Mr. Qamaruddin,Shaikh,Male,qamar.shaikh@example.com,6/6/1986,0.7999999999999999,1.0
Ranbir,Mukherjee,Ms. Rani,Mukherjee,Female,rani.mukherjee@example.com,11/19/1994,0.9222222222222222,1.0
Shrishti,Basu,Shri. Soham,Basu,Male,soham.basu@example.com,4/2/1989,0.8590909090909091,1.0
Smt. Tanuja,Mukherjee,Smt. Tanuja,Mukherjee,Female,tanuja.mukherjee@example.com,9/15/1992,0.776969696969697,1.0
Umesh,Yadav,Mr. Umesh,Yadav,Male,umesh.yadav@example.com,2/28/1987,1.0,1.0
Varsha,Sankar,Ms. Varsha,Usgaonkar,Female,varsha.usgaonkar@example.com,7/11/1993,1.0,0.8888888888888888
Wafa,Khan,Mr. Waqar,Khan,Male,waqar.khan@example.com,12/24/1988,0.8266666666666667,1.0
Yasti,Khan,Mrs. Yasmin,Khan,Female,yasmin.khan@example.com,5/7/1991,0.8755555555555556,1.0
Shriya,Ahmed,Shri. Zubair,Ahmed,Male,zubair.ahmed@example.com,10/20/1986,0.85,1.0
Kum. Aasma,Bano,Kum. Aasma,Bano,Female,aasma.bano@example.com,3/3/1997,0.7666666666666666,1.0
Babu,Kumar,Mr. Bablu,Kumar,Male,bablu.kumar@example.com,8/16/1985,0.9533333333333333,1.0
Chaman,Devi,Dr. Champa,Devi,Female,champa.devi@example.com,1/29/1981,0.9333333333333333,1.0
Deepika,Pau,Mrs. Deepika,Padukone,Female,deepika.padukone@example.com,6/12/1990,1.0,0.8333333333333333
Ektha,Gaikwad,Mr. Eknath,Gaikwad,Male,eknath.gaikwad@example.com,11/25/1987,0.9022222222222223,1.0
Farhan,Shaikh,Ms. Farzana,Sheikh,Female,farzana.sheikh@example.com,4/8/1994,0.8944444444444445,0.9111111111111112
Shivansh,Pandit,Shri. Ganesh,Pandit,Male,ganesh.pandit@example.com,9/21/1989,0.8555555555555556,1.0
Smt. Haseena,Parween,Smt. Haseena,Parveen,Female,haseena.parveen@example.com,2/4/1992,0.7946428571428572,0.9333333333333333
Simran,Shahi,Mr. Imran,Hashmi,Male,imran.hashmi@example.com,7/17/1987,0.9444444444444445,0.8777777777777779
Jaya,Machhan,Ms. Jaya,Bachchan,Female,jaya.bachchan@example.com,12/30/1993,1.0,0.8690476190476191
Kaushik,Roy,Lt. Kaushik,Roy,Male,kaushik.roy@example.com,5/13/1986,0.8787878787878788,1.0
Laiba,Khan,Mrs. Laila,Khan,Female,laila.khan@example.com,10/26/1991,0.9066666666666667,1.0
Manish,Paul,Mr. Manish,Paul,Male,manish.paul@example.com,4/9/1988,1.0,1.0
Nainika,Das,Ms. Naina,Das,Female,naina.das@example.com,9/22/1995,0.9428571428571428,1.0
Omkar,Sharma,Dr. Omkar,Sharma,Male,omkar.sharma@example.com,2/5/1982,1.0,1.0
Pooja,Bhatt,Mrs. Pooja,Bhatt,Female,pooja.bhatt@example.com,7/18/1993,1.0,1.0
Qutub,Ali,Mr. Qutub,Ali,Male,qutub.ali@example.com,12/1/1986,0.7666666666666666,1.0
Praveen,Tandon,Ms. Raveena,Tandon,Female,raveena.tandon@example.com,5/14/1994,0.9047619047619048,1.0
Shriya,Jeet,Shri. Samar,Jeet,Male,samar.jeet@example.com,10/27/1989,0.8575757575757577,0.75
Smt. Tanisha,Mukherjee,Smt. Tanisha,Mukherjee,Female,tanisha.mukherjee@example.com,3/10/1992,0.7777777777777777,1.0
Uday,Shankar,Mr. Uday,Shankar,Male,uday.shankar@example.com,8/23/1987,1.0,1.0
Vidhi,Joshi,Ms. Vaidehi,Joshi,Female,vaidehi.joshi@example.com,1/6/1993,0.9142857142857143,1.0
Seema,Raja,Mr. Waseem,Raja,Male,waseem.raja@example.com,6/19/1988,0.8222222222222223,1.0
Yashveer,Kapoor,Mrs. Yasmeen,Kapoor,Female,yasmeen.kapoor@example.com,11/2/1991,0.8458333333333333,1.0
Shrestha,Akhtar,Shri. Zeeshan,Akhtar,Male,zeeshan.akhtar@example.com,4/15/1986,0.8631410256410256,1.0
Aayushi,Sharma,Kum. Aayushi,Sharma,Female,aayushi.sharma@example.com,9/28/1997,0.8134920634920636,1.0
Babu,Yadav,Mr. Babulal,Yadav,Male,babulal.yadav@example.com,3/11/1985,0.9142857142857143,1.0
Charu,Sharma,Dr. Charu,Sharma,Female,charu.sharma@example.com,8/24/1981,1.0,1.0
Deepa,Mehta,Mrs. Deepa,Mehta,Female,deepa.mehta@example.com,1/7/1990,1.0,1.0
Ehsaan,Jafri,Mr. Ehsan,Jafri,Male,ehsan.jafri@example.com,6/20/1987,0.9666666666666667,1.0
Farhan,Bano,Ms. Farheen,Bano,Female,farheen.bano@example.com,11/3/1994,0.9095238095238095,1.0
Shriya,Krishna,Shri. Gopal,Krishna,Male,gopal.krishna@example.com,4/16/1989,0.8575757575757577,1.0
Smt. Hema,Chauhan,Smt. Hema,Chauhan,Female,hema.chauhan@example.com,9/29/1992,0.7333333333333334,1.0
Imtiyaz,Ali,Mr. Imtiyaz,Ali,Male,imtiyaz.ali@example.com,2/10/1987,0.7904761904761904,1.0
Jaya,Pradhan,Ms. Jaya,Prada,Female,jaya.prada@example.com,7/23/1993,1.0,0.9428571428571428
Lt. Kailash,Seth,Lt. Kailash,Seth,Male,kailash.seth@example.com,12/6/1986,0.7835497835497836,1.0
Leena,Patel,Mrs. Leena,Patel,Female,leena.patel@example.com,5/19/1991,1.0,1.0
Manoj,Kumar,Mr. Manoj,Kumar,Male,manoj.kumar@example.com,10/2/1988,1.0,1.0
Neelu,Kapoor,Ms. Neetu,Kapoor,Female,neetu.kapoor@example.com,3/15/1995,0.9066666666666667,1.0
Om,Prakash,Dr. Om,Prakash,Male,om.prakash@example.com,8/28/1982,1.0,1.0
Poonam,Sharma,Mrs. Poonam,Sharma,Female,poonam.sharma@example.com,1/11/1993,1.0,1.0
Amar,Ahmed,Mr. Qamar,Ahmed,Male,qamar.ahmed@example.com,6/24/1986,0.9333333333333332,1.0
Ranbir,Devi,Ms. Rani,Devi,Female,rani.devi@example.com,11/7/1994,0.9222222222222222,1.0
Shriya,Singh,Shri. Samar,Singh,Male,samar.singh@example.com,4/20/1989,0.8575757575757577,1.0
Saanvi,Shah,Smt. Tanvi,Shah,Female,tanvi.shah@example.com,9/3/1992,0.8,1.0
Udit,Narayan,Mr. Udit,Narayan,Male,udit.narayan@example.com,2/16/1987,1.0,1.0
Vanshi,Kapoor,Ms. Vani,Kapoor,Female,vani.kapoor@example.com,7/29/1993,0.9222222222222222,1.0
Wafa,Khan,Mr. Wahab,Khan,Male,wahab.khan@example.com,12/12/1988,0.8266666666666667,1.0
Yasti,Shaikh,Mrs. Yasmin,Sheikh,Female,yasmin.sheikh@example.com,5/25/1991,0.8755555555555556,0.9111111111111112
Shriya,Iqbal,Shri. Zafar,Iqbal,Male,zafar.iqbal@example.com,10/8/1986,0.8575757575757577,1.0
Vamakshi,Kapoor,Kum. Aashi,Kapoor,Female,aashi.kapoor@example.com,3/21/1997,0.8107142857142856,1.0
Babar,Khan,Mr. Babar,Khan,Male,babar.khan@example.com,8/4/1985,1.0,1.0
Chandra,Kochar,Dr. Chanda,Kochhar,Female,chanda.kochhar@example.com,1/17/1981,0.9714285714285714,0.9714285714285714
Deepika,Sharma,Mrs. Deepika,Sharma,Female,deepika.sharma@example.com,6/30/1990,1.0,1.0
Ektha,Shinde,Mr. Eknath,Shinde,Male,eknath.shinde@example.com,11/13/1987,0.9022222222222223,1.0
Farida,Jalal,Ms. Farida,Jalal,Female,,,1.0,1.0
