Corrected First Name,Corrected Last Name,First Name,Last Name,Gender,Email,Date of Birth,First Name Distance,Last Name Distance
Rajiv,Sharma,Mr. Rajivv,Sharmaa,Male,rajiv.sharma@example.com,8/15/1985,1,1
Priyanka,Patel,Mrs. Pryanka,Patell,Female,pryanka.patel@example.com,12/25/1990,1,1
Anjali,Shukla,Ms. Anjli,Shuklaa,Female,anjli.shukla@example.com,5/5/1995,1,1
Arvind,Gupta,Dr. Arvind,Guptah,Male,arvind.gupta@example.com,7/18/1988,0,1
Vikram,Singh,Mr. Vikrm,Singh,Male,vikrm.singh@example.com,3/30/1992,1,0
Neha,Deshpande,Mrs. Neeha,Despande,Female,neeha.despande@example.com,11/14/1987,1,1
Shweta,Jani,Ms. Shwta,Jane,Female,shwta.jane@example.com,4/17/1994,1,1
Sanjay,Varma,Prof. Sanjai,Varmaa,Male,sanjai.varma@example.com,1/9/1984,1,1
Amit,Kapur,Mr. Aamit,Kapur,Male,aamit.kapur@example.com,5/28/1989,1,0
Aija,Choudhary,Mrs. Puja,Chowdhary,Female,puja.chowdhary@example.com,8/11/1993,2,1
Divya,Sharma,Ms. Divyaa,Sharmah,Female,divyaa.sharmah@example.com,2/23/1996,1,1
Rohit,Malik,Mr. Rohyt,Malikk,Male,rohyt.malikk@example.com,10/31/1986,1,1
Kavia,Pathak,Mrs. Kavitaa,Pathak,Female,kavitaa.pathak@example.com,7/12/1983,2,0
Anoop,Pandey,Mr. Manooj,Pandey,Male,manooj.pandey@example.com,4/15/1990,2,0
Geet,Agarwal,Ms. Reetu,Agarwal,Female,reetu.agarwal@example.com,9/27/1995,2,0
Dipa,Chauhan,Mr. Dipak,Chauhan,Male,dipak.chauhan@example.com,12/8/1985,1,0
Sneha,Nayak,Mrs. Snehha,Nayak,Female,snehha.nayak@example.com,6/19/1988,1,0
Alok,Saxena,Mr. Alook,Saxenaa,Male,alook.saxenaa@example.com,3/4/1991,1,1
Maanvi,Mehta,Ms. Taanvi,Mehta,Female,taanvi.mehta@example.com,11/21/1994,1,0
Vivek,Bajpai,Mr. Vivekk,Bajpayee,Male,vivekk.bajpayee@example.com,2/14/1987,1,3
Ananya,Trivedi,Dr. Ananyaa,Trivedy,Female,ananyaa.trivedy@example.com,9/30/1984,1,1
Akshay,Khan,Mr. Akshayy,Khaan,Male,akshayy.khaan@example.com,8/19/1991,1,1
Swati,Joshi,Mrs. Swatee,Joshii,Female,swatee.joshii@example.com,3/25/1988,2,1
Prateek,Goswami,Mr. Pratikk,Goswamii,Male,pratikk.goswamii@example.com,7/11/1989,2,1
Nidhi,Saha,Ms. Niddhi,Shaha,Female,niddhi.shaha@example.com,5/16/1993,1,1
Gaurav,Jain,Mr. Gauravv,Jayn,Male,gauravv.jayn@example.com,1/22/1986,1,1
Ankita,Deshmukh,Mrs. Ankeeta,Deshmukh,Female,ankeeta.deshmukh@example.com,10/7/1990,2,0
Siddhant,Malhotra,Mr. Siddhart,Malhotra,Male,siddhart.malhotra@example.com,12/3/1987,1,0
Gunav,Yadav,Ms. Punam,Yadaav,Female,punam.yadaav@example.com,4/28/1992,2,1
Harsh,Rathod,Mr. Harshh,Rathodd,Male,harshh.rathodd@example.com,8/14/1985,1,1
Riya,Chauhan,Mrs. Riyaa,Chauhann,Female,riyaa.chauhan@example.com,2/9/1994,1,1
Kunaal,Varma,Mr. Kunall,Varmaa,Male,kunall.verma@example.com,6/25/1989,1,1
Ishita,Mathur,Ms. Isheta,Mathurr,Female,isheta.mathur@example.com,11/18/1991,1,1
Abhishek,Tewari,Mr. Abhisek,Tewari,Male,abhisek.tewari@example.com,5/30/1988,1,0
Shrut,Naidu,Mrs. Shruty,Nayudu,Female,shruty.nayudu@example.com,9/12/1993,1,2
Varun,Kulkarni,Mr. Varunn,Kulkarny,Male,varunn.kulkarny@example.com,7/21/1986,1,1
Pallavi,Rao,Ms. Pallavvi,Rawo,Female,pallavvi.rawo@example.com,1/15/1990,1,1
Aditya,Menon,Mr. Adityaa,Menonn,Male,adityaa.menonn@example.com,4/6/1987,1,1
Aniya,Joshi,Mrs. Taniya,Joshie,Female,taniya.joshie@example.com,8/29/1992,1,1
Rohan,Shetty,Mr. Rohann,Shettyy,Male,rohann.shettyy@example.com,3/17/1985,1,1
Kritika,Reddy,Ms. Krittika,Redddy,Female,krittika.redddy@example.com,10/22/1994,1,1
Nikhil,Iyer,Mr. Nikhill,Iyyer,Male,nikhill.iyyer@example.com,12/14/1989,1,1
Megha,Chawla,Mrs. Meghaa,Chawlah,Female,meghaa.chawlah@example.com,5/8/1991,1,1
Sameer,Ahuja,Mr. Sameeer,Ahooja,Male,sameeer.ahooja@example.com,9/3/1986,1,2
Anushka,Malik,Ms. Anushkaa,Malikk,Female,anushkaa.malikk@example.com,7/19/1993,1,1
Karan,Chopra,Mr. Karan,Choprah,Male,karan.choprah@example.com,2/26/1988,0,1
Radhika,Sinha,Mrs. Radhikah,Synha,Female,radhikah.synha@example.com,11/11/1990,1,1
Arjun,Boase,Mr. Arjun,Bossee,Male,arjun.bossee@example.com,6/24/1985,0,2
Priya,Ranjan,Ms. Preya,Rangann,Female,preya.rangann@example.com,1/7/1992,1,2
Rohit,Chandra,Mr. Rohhit,Chanddra,Male,rohhit.chanddra@example.com,8/30/1987,1,1
Deepika,Kapoor,Mrs. Deepikaa,Kappor,Female,deepikaa.kappor@example.com,4/13/1994,1,1
Ajeet,Nayar,Mr. Rajeev,Nayar,Male,rajeev.nayar@example.com,10/28/1989,2,0
Anjali,Menon,Ms. Anjalii,Meenon,Female,anjalii.meenon@example.com,3/15/1991,1,1
Vikas,Dube,Mr. Vikass,Dube,Male,vikass.dube@example.com,12/9/1986,1,0
Shalini,Lanka,Mrs. Shalinii,Vankat,Female,shalinii.vankat@example.com,5/22/1993,1,2
Ankit,Bajaj,Mr. Ankitt,Bajajj,Male,ankitt.bajajj@example.com,7/17/1988,1,1
Neha,Rao,Ms. Nehaa,Rawo,Female,nehaa.rawo@example.com,2/4/1990,1,1
Rahul,Khan,Mr. Raul,Khaan,Male,raul.khaan@example.com,5/19/1987,1,1
Sonal,Banerjee,Mrs. Sonalii,Banerjee,Female,sonalii.banerjee@example.com,9/14/1992,2,0
Arish,Kumar,Mr. Harishh,Kumarr,Male,harishh.kumarr@example.com,11/28/1985,2,1
Pooja,Sengupta,Ms. Poojaa,Sengupta,Female,poojaa.sengupta@example.com,6/7/1993,1,0
Mohit,Agrawal,Mr. Mohit,Agrawall,Male,mohit.agrawall@example.com,1/22/1988,0,1
Jahanvi,Dutta,Mrs. Jahnvi,Duttaa,Female,jahnvi.duttaa@example.com,4/15/1991,1,1
Surya,Naidu,Mr. Suryaa,Naiduu,Male,suryaa.naiduu@example.com,8/9/1986,1,1
Kriti,Khanna,Ms. Kritii,Khannaa,Female,kritii.khannaa@example.com,3/24/1994,1,1
Yash,Bansal,Mr. Yashh,Bhansali,Male,yashh.bhansali@example.com,7/18/1989,1,2
Anusha,Chakraborty,Mrs. Tanushree,Chakraborty,Female,tanushree.chakraborty@example.com,12/31/1990,4,0
Rishabh,Sethi,Mr. Rishabh,Sethii,Male,rishabh.sethii@example.com,2/13/1987,0,1
Aastha,Malhotra,Ms. Aastha,Malhotraa,Female,aastha.malhotraa@example.com,10/26/1993,0,1
Dhruv,Wadhwa,Mr. Dhruvv,Wadhwaa,Male,dhruvv.wadhwaa@example.com,5/11/1988,1,1
Ishani,Bose,Mrs. Ishani,Bose,Female,ishani.bose@example.com,9/4/1991,0,0
Adarsh,Sood,Mr. Adarshh,Sood,Male,adarshh.sood@example.com,4/27/1986,1,0
Bhavya,Balot,Ms. Bhavyaa,Raoot,Female,bhavyaa.raoot@example.com,1/10/1994,1,2
Chirag,Mehra,Mr. Chirag,Mehraa,Male,chirag.mehraa@example.com,8/23/1989,0,1
Lipika,Barman,Mrs. Dipikaa,Burman,Female,dipikaa.burman@example.com,7/16/1992,2,1
Eshaan,Ganguly,Mr. Eshaan,Ganguly,Male,eshaan.ganguly@example.com,12/29/1987,0,0
Falguni,Chand,Ms. Falgunii,Chandok,Female,falgunii.chandok@example.com,5/12/1993,1,2
Gaurav,Ahluwalia,Mr. Gaurav,Ahluwaliaa,Male,gaurav.ahluwaliaa@example.com,10/25/1988,0,1
Harshita,Dalal,Mrs. Harshitaa,Dalal,Female,harshitaa.dalal@example.com,3/8/1991,1,0
Indebir,Grewal,Mr. Inder,Grewwal,Male,inder.grewwal@example.com,11/21/1986,2,1
Jeevika,Luthra,Ms. Jeevikaa,Luthraa,Female,jeevikaa.luthraa@example.com,6/14/1994,1,1
Ranveer,Sodhi,Mr. Karanveer,Sodhii,Male,karanveer.sodhii@example.com,1/27/1989,2,1
Lavanya,Afreen,Mrs. Lavanyaa,Badree,Female,lavanyaa.badree@example.com,4/10/1992,1,3
Mahit,Nagar,Mr. Manit,Nagpal,Male,manit.nagpal@example.com,9/23/1987,1,2
Navya,Sarin,Ms. Navyaa,Sarin,Female,navyaa.sarin@example.com,2/16/1993,1,0
Omkar,Bhatia,Mr. Omkar,Bhatiaa,Male,omkar.bhatiaa@example.com,7/29/1988,0,1
Ari,Chadha,Mrs. Pari,Chaddha,Female,pari.chaddha@example.com,12/12/1991,1,1
Amar,Chander,Mr. Qamar,Chibber,Male,qamar.chibber@example.com,5/25/1986,1,3
Rashi,Dugal,Ms. Rashi,Dugall,Female,rashi.dugall@example.com,10/8/1994,0,1
Sagar,Afsar,Mr. Sagar,Essar,Male,sagar.essar@example.com,3/21/1989,0,2
Krisha,Kohli,Mrs. Trisha,Kohlii,Female,trisha.kohlii@example.com,8/14/1992,1,1
Udit,Kapadia,Mr. Udit,Kapadiaa,Male,udit.kapadiaa@example.com,1/27/1987,0,1
Varsha,Lamba,Ms. Varshaa,Lambaa,Female,varshaa.lambaa@example.com,6/10/1993,1,1
Aasim,Khan,Mr. Wasim,Khan,Male,wasim.khan@example.com,11/23/1988,1,0
Ana,Chawla,Mrs. Xena,Chawlaa,Female,xena.chawlaa@example.com,4/6/1991,2,1
Yuvraj,Mangal,Mr. Yuvraaj,Saigal,Male,yuvraaj.saigal@example.com,9/19/1986,1,2
Zoya,Bera,Ms. Zoya,Berry,Female,zoya.berry@example.com,2/2/1994,0,2
Aayush,Arora,Mr. Aayush,Aroraa,Male,aayush.aroraa@example.com,7/15/1989,0,1
Bhakti,Bakshi,Mrs. Bhoomi,Bakshi,Female,bhoomi.bakshi@example.com,12/28/1992,3,0
Chetan,Dhingra,Mr. Chetan,Dhingraa,Male,chetan.dhingraa@example.com,5/11/1987,0,1
Devina,Gill,Ms. Devikaa,Gill,Female,devikaa.gill@example.com,10/24/1993,2,0
Farhan,Hasnain,Mr. Farhan,Hassan,Male,farhan.hassan@example.com,3/7/1988,0,2
Geetika,Johal,Mrs. Geetikaa,Johall,Female,geetikaa.johall@example.com,8/20/1991,1,1
Himanshu,Atwal,Mr. Himanshu,Katyal,Male,himanshu.katyal@example.com,1/3/1986,0,2
Anupam,Raghavan,Smt. Anupamaa,Raaghavan,Female,anupama.raghavan@example.com,9/14/1985,7,1
Chiranjeev,Murthy,Shri. Balaajee,Murthyy,Male,bala.murthy@example.com,12/7/1991,9,1
Chaaya,Devi,Kum. Chaaya,Devii,Female,chaya.devi@example.com,4/23/1996,5,1
Dinesh,Shekhar,Capt. Dineshh,Shekhawat,Male,dinesh.shekhawat@example.com,7/18/1983,7,3
Ashwani,Pillai,Mrs. Eshwari,Pillai,Female,eshwari.pillai@example.com,2/28/1990,2,0
Aarush,Hussain,Mr. Farookh,Hussain,Male,farook.hussain@example.com,11/15/1988,4,0
Gayathri,Iyer,Ms. Gayathri,Iyyerr,Female,gayathri.iyer@example.com,5/9/1993,0,2
Harpreet,Grewal,Lt. Harpreet,Grewal,Male,harpreet.grewal@example.com,8/22/1986,4,0
Indroneel,Chatterjee,Dr. Indraneel,Chaterjee,Male,indraneel.chatterjee@example.com,3/17/1984,1,1
Jyoti,Nayar,Mrs. Jyotikaa,Naayar,Female,jyoti.nayar@example.com,10/4/1992,3,1
Kailash,Dixit,Mr. Kailashnath,Dixit,Male,kailash.dixit@example.com,1/27/1989,4,0
Lakshmi,Venkatesh,Ms. Lakshmii,Venkatesan,Female,laxmi.venkatesan@example.com,6/12/1995,1,2
Nageshwar,Reddy,Prof. Maheshwar,Reddyy,Male,mahesh.reddy@example.com,9/5/1981,2,1
Nandini,Brar,Mrs. Nandini,Hebbar,Female,nandini.hebbar@example.com,4/20/1987,0,3
Omkar,Bhatt,Mr. Omkaar,Bhattt,Male,omkar.bhat@example.com,7/13/1994,1,1
Aswathy,Menon,Ms. Parvathy,Menonn,Female,parvathi.menon@example.com,12/6/1991,3,1
Sharique,Ahmad,Shri. Quaiser,Ahmaad,Male,kaiser.ahmad@example.com,5/19/1986,7,1
Radhika,Sundaram,Smt. Radhikha,Sundaram,Female,radhika.sundaram@example.com,8/2/1993,6,0
Aashish,Kumar,Mr. Sathish,Kumarr,Male,satish.kumar@example.com,3/25/1988,2,1
Hrishab,Goel,Ms. Trishaa,Gomes,Female,trisha.gomes@example.com,10/18/1996,2,2
Ujjwal,Agarwal,Mr. Ujwal,Naagarkar,Male,ujwal.nagarkar@example.com,1/11/1985,1,4
Varsha,Bibi,Mrs. Varshaa,Kini,Female,varsha.kini@example.com,4/24/1992,1,2
Aniruddh,Khan,Mr. Wasimuddin,Khann,Male,wasim.khan@example.com,9/7/1989,5,1
Ana,Fernandes,Ms. Xena,Fernandis,Female,xena.fernandes@example.com,2/20/1994,2,1
Nageshwar,Patil,Mr. Yogeshwar,Patill,Male,yogesh.patil@example.com,7/13/1987,2,1
Heena,Fathima,Mrs. Zeenath,Fathima,Female,zeenat.fatima@example.com,12/6/1990,3,0
Priyadarshi,Solanki,Shri. Aadarsh,Somanii,Male,adarsh.somani@example.com,5/19/1985,6,2
Bhavyesh,Deshpande,Kum. Bhagyashree,Deshpandey,Female,bhagyashri.deshpande@example.com,8/2/1997,10,1
Chandran,Dhaka,Mr. Chandrakant,Dholakkia,Male,chandrakant.dholakia@example.com,1/15/1988,3,4
Deepa,Shiromani,Dr. Deepan,Shivdasani,Male,deepan.shivdasani@example.com,4/28/1983,1,4
Ilakkiyan,Sitaram,Mrs. Elakkiya,Sivaram,Female,elakya.sivaram@example.com,9/11/1991,2,1
Faraz,Kade,Mr. Feroz,Kader,Male,feroz.kader@example.com,2/24/1986,2,1
Gauri,Hegde,Ms. Gowri,Hegde,Female,gouri.hegde@example.com,7/17/1993,2,0
Shrishti,Roshan,Shri. Hrithik,Roshan,Male,hrithik.roshan@example.com,12/10/1989,6,0
Umamaheshwari,Boase,Smt. Ishwari,Bhonsle,Female,ishwari.bhosle@example.com,5/23/1994,6,3
Jitendra,Jadhav,Mr. Jitendraa,Jadhav,Male,jitendra.jadhav@example.com,10/16/1987,1,0
Kavya,Kashyap,Ms. Kavyaa,Kashyapp,Female,kavya.kashyap@example.com,3/9/1992,1,1
Nageshwar,Choudhury,Lt. Lokeshwar,Choudhury,Male,lokesh.choudhary@example.com,8/22/1985,7,0
Minakshi,Acharya,Mrs. Meenakshii,Ayyappan,Female,meenakshi.ayyappan@example.com,1/15/1990,3,5
Kishore,Badal,Mr. Nandkishore,Biradar,Male,nandkishor.biradar@example.com,6/28/1988,4,3
Raashi,Raut,Ms. Oorvashi,Raut,Female,urvashi.raut@example.com,11/21/1995,3,0
Prabhakar,Kamdar,Dr. Prabhakaran,Nambiar,Male,prabhakar.nambiar@example.com,4/14/1982,2,3
Amrin,Shaikh,Mrs. Qamrun,Sheikh,Female,kamrun.shaikh@example.com,9/27/1993,2,1
Rakesh,Rathod,Mr. Rakesh,Rathod,Male,rakesh.rathod@example.com,2/10/1986,0,0
Amruta,Gaikwad,Ms. Samyuktaa,Gaekwad,Female,samyukta.gaekwad@example.com,7/25/1994,4,1
Hrishab,Mehta,Shri. Tushaar,Mehtaa,Male,tushar.mehta@example.com,12/18/1989,7,1
Urmila,Akolkar,Smt. Urmila,Matondkar,Female,urmila.matondkar@example.com,5/31/1992,5,4
Rajkumar,Naik,Mr. Vijaykumar,Naicker,Male,vijay.kumar@example.com,10/24/1987,4,3
Waida,Parween,Ms. Wahida,Parveen,Female,wahida.parvin@example.com,3/17/1993,1,1
Abeer,Souza,Mr. Xavier,Dsouza,Male,xavier.dsouza@example.com,8/30/1988,3,1
Jasleen,Begum,Mrs. Yasmeen,Begum,Female,yasmin.begum@example.com,1/13/1991,2,0
Sharique,Khan,Shri. Zuber,Khan,Male,zuber.khan@example.com,6/26/1986,6,0
Aahana,Banerjee,Kum. Aahana,Banerji,Female,aahana.banerjee@example.com,11/19/1997,5,2
Armoghan,Pareek,Mr. Brijmohan,Pareek,Male,brij.mohan@example.com,4/12/1985,4,0
Chandani,Sengupta,Dr. Chandni,SenGupta,Female,chandni.sengupta@example.com,9/5/1981,1,0
Damyanti,Chauhan,Mrs. Damyanti,Chauhan,Female,damyanti.chauhan@example.com,2/18/1990,0,0
Akash,Shinde,Mr. Eknath,Shindee,Male,eknath.shinde@example.com,7/11/1987,3,1
Falak,Zaidi,Ms. Falak,Zaidi,Female,falak.zaidi@example.com,12/4/1994,0,0
Sivaganesh,Subramaniam,Shri. Ganeshan,Subramaniam,Male,ganesh.subramanian@example.com,5/17/1989,6,0
Asthana,Nair,Smt. Hamsa,Nair,Female,hamsa.nair@example.com,10/30/1992,6,0
Irfan,Pathan,Mr. Irfaan,Pathan,Male,irfan.pathan@example.com,3/13/1987,1,0
Jahanvi,Kapur,Ms. Jhanvi,Kapur,Female,jhanvi.kapoor@example.com,8/26/1993,1,0
Ranveer,Singh,Lt. Karanveer,Singh,Male,karanveer.singh@example.com,1/9/1986,6,0
Lavanya,Maharaj,Mrs. Lavanya,Thyagaraj,Female,lavanya.thyagaraj@example.com,6/22/1991,0,4
Mahindar,Bedi,Mr. Maninder,Bedi,Male,maninder.bedi@example.com,11/15/1988,2,0
Vandita,Das,Ms. Nandita,Das,Female,nandita.das@example.com,4/28/1995,1,0
Omkar,Nath,Dr. Omkar,Nath,Male,omkar.nath@example.com,9/11/1982,0,0
Pratibha,Devi,Mrs. Pratibhaa,Devi,Female,pratibha.devi@example.com,2/24/1993,1,0
Tuhin,Divan,Mr. Qutubuddin,Miyan,Male,qutub.miyan@example.com,7/7/1986,6,2
Revanth,Krishnamurthy,Ms. Revathy,Krishnamurthy,Female,revathi.krishnamurthy@example.com,12/20/1994,2,0
Samath,Raj,Shri. Sampath,Raj,Male,sampath.raj@example.com,5/3/1989,7,0
Tanishta,Chakrabarti,Smt. Tanishta,Chakravarthy,Female,tanishta.chakravarthy@example.com,10/16/1992,5,3
Uday,Karan,Mr. Uday,Kiran,Male,uday.kiran@example.com,3/29/1987,0,1
Vaishnavi,Venkataraman,Ms. Vaishnavi,Venkatraman,Female,vaishnavi.venkatraman@example.com,8/12/1993,0,1
Faheem,Alam,Mr. Waseem,Akram,Male,waseem.akram@example.com,1/25/1988,2,2
Yashoda,Bai,Mrs. Yashoda,Bai,Female,yashoda.bai@example.com,6/8/1991,0,0
Privrata,Singh,Shri. Zorawar,Singh,Male,zorawar.singh@example.com,11/21/1986,8,0
Himanshi,Kohli,Kum. Aashi,Kohli,Female,aashi.kohli@example.com,4/14/1997,5,0
Abuzar,Meena,Mr. Babulal,Meena,Male,babulal.meena@example.com,9/27/1985,3,0
Charu,Lata,Dr. Charu,Lata,Female,charu.lata@example.com,2/10/1981,0,0
Divyansh,Dixit,Mrs. Divyanka,Dixit,Female,divyanka.dixit@example.com,7/23/1990,2,0
Eshaan,Prasad,Mr. Eshwar,Prasad,Male,eshwar.prasad@example.com,12/16/1987,2,0
Farida,Balan,Ms. Farida,Jahan,Female,farida.jahan@example.com,5/29/1994,0,2
Ramakrishna,Nair,Shri. Gopalakrishnan,Nair,Male,gopal.nair@example.com,10/12/1989,10,0
Hema,Madina,Smt. Hema,Malini,Female,hema.malini@example.com,3/25/1992,5,2
Imaad,Ali,Mr. Imtiaz,Ali,Male,imtiaz.ali@example.com,8/8/1987,3,0
Jaya,Bauri,Ms. Jaya,Bhaduri,Female,jaya.bhaduri@example.com,1/21/1993,0,2
Harkirat,Parikh,Lt. Kirit,Parikh,Male,kirit.parikh@example.com,6/4/1986,5,0
Eiravati,Desai,Mrs. Leelavati,Desai,Female,leelavati.desai@example.com,11/17/1991,3,0
Madhav,Seth,Mr. Madhav,Seth,Male,madhav.seth@example.com,4/30/1988,0,0
Naini,Bhatia,Ms. Naina,Bhatia,Female,naina.bhatia@example.com,9/13/1995,1,0
Om,Prakash,Dr. Om,Prakash,Male,om.prakash@example.com,2/26/1982,0,0
Preeti,Sinha,Mrs. Preeti,Zinta,Female,preeti.zinta@example.com,7/9/1993,0,2
Amar,Kewlani,Mr. Qamar,Jeelani,Male,qamar.jeelani@example.com,12/22/1986,1,2
Damini,Varma,Ms. Rukmini,Varma,Female,rukmini.varma@example.com,5/5/1994,3,0
Shaurya,Prakash,Shri. Surya,Prakash,Male,surya.prakash@example.com,10/18/1989,5,0
Mitali,Das,Smt. Tulsi,Das,Female,tulsi.das@example.com,3/31/1992,6,0
Ujjwal,Ghosh,Mr. Ujjal,Ghosh,Male,ujjal.ghosh@example.com,8/14/1987,1,0
Vibha,Trivedi,Ms. Vibha,Trivedi,Female,vibha.trivedi@example.com,1/27/1993,0,0
Aahan,Raza,Mr. Wahab,Raza,Male,wahab.raza@example.com,6/10/1988,2,0
Jami,Gautam,Mrs. Yami,Gautam,Female,yami.gautam@example.com,11/23/1991,1,0
Shikhar,Alam,Shri. Zafar,Imam,Male,zafar.imam@example.com,4/6/1986,6,2
Aayushi,Joshi,Kum. Aayushi,Joshi,Female,aayushi.joshi@example.com,9/19/1997,5,0
Aadil,Gupta,Mr. Badal,Gupta,Male,badal.gupta@example.com,2/2/1985,2,0
Aritra,Banerjee,Dr. Chitra,Banerjee,Female,chitra.banerjee@example.com,7/15/1981,2,0
Deepali,Shah,Mrs. Deepali,Shah,Female,deepali.shah@example.com,12/28/1990,0,0
Ehsaan,Quraishi,Mr. Ehsaan,Qureshi,Male,ehsaan.qureshi@example.com,5/11/1987,0,2
Faraz,Khan,Ms. Farah,Khan,Female,farah.khan@example.com,10/24/1994,1,0
Sivaganesh,Dutta,Shri. Ganesh,Dutta,Male,ganesh.dutta@example.com,3/7/1989,4,0
Tuhina,Rawlani,Smt. Hina,Rabbani,Female,hina.rabbani@example.com,8/20/1992,4,2
Iqra,Mammen,Mr. Iqbal,Mohammed,Male,iqbal.mohammed@example.com,1/3/1987,2,3
Juhi,Chawla,Ms. Juhi,Chawla,Female,juhi.chawla@example.com,6/16/1993,0,0
Kailash,Chander,Lt. Kailash,Chander,Male,kailash.chander@example.com,11/29/1986,4,0
Lata,Maheshwari,Mrs. Lata,Mangeshkar,Female,lata.mangeshkar@example.com,4/12/1991,0,4
Anuj,Bajpai,Mr. Manoj,Bajpayee,Male,manoj.bajpayee@example.com,9/25/1988,2,3
Neelja,Kothari,Ms. Neelam,Kothari,Female,neelam.kothari@example.com,2/8/1995,2,0
Omkar,Deshpande,Dr. Omkar,Deshpande,Male,omkar.deshpande@example.com,7/21/1982,0,0
Poonam,Dhillon,Mrs. Poonam,Dhillon,Female,poonam.dhillon@example.com,12/4/1993,0,0
Aasim,Shaikh,Mr. Qasim,Shaikh,Male,qasim.shaikh@example.com,5/17/1986,1,0
Radhika,Apte,Ms. Radhika,Apte,Female,radhika.apte@example.com,10/30/1994,0,0
Shrishti,Khan,Shri. Sohail,Khan,Male,sohail.khan@example.com,3/13/1989,5,0
Shantanu,Hasni,Smt. Tabu,Hashmi,Female,tabu.hashmi@example.com,8/26/1992,5,2
Uday,Chopra,Mr. Uday,Chopra,Male,uday.chopra@example.com,1/9/1987,0,0
Vidya,Balan,Ms. Vidya,Balan,Female,vidya.balan@example.com,6/22/1993,0,0
Aasim,Akhtar,Mr. Wasim,Akhtar,Male,wasim.akhtar@example.com,11/5/1988,1,0
Yashodhara,Rao,Mrs. Yashodhara,Rao,Female,yashodhara.rao@example.com,4/18/1991,0,0
Shivin,Malik,Shri. Zain,Malik,Male,zain.malik@example.com,9/1/1986,5,0
Aarvi,Mishra,Kum. Aarti,Mishra,Female,aarti.mishra@example.com,2/14/1997,6,0
Bhanu,Patal,Mr. Bhanu,Pratap,Male,bhanu.pratap@example.com,7/27/1985,0,2
Chakrika,Sen,Dr. Chayanika,Sen,Female,chayanika.sen@example.com,12/10/1981,3,0
Damini,Sharma,Mrs. Damini,Sharma,Female,damini.sharma@example.com,5/23/1990,0,0
Ibrahim,Bail,Mr. Ebrahim,Vakil,Male,ebrahim.vakil@example.com,10/16/1987,1,2
Fatima,Bibi,Ms. Fatima,Bibi,Female,fatima.bibi@example.com,3/29/1994,0,0
Shilpa,Sharma,Shri. Gopal,Sharma,Male,gopal.sharma@example.com,8/12/1989,6,0
Heena,Parween,Smt. Heena,Parveen,Female,heena.parveen@example.com,1/25/1992,5,1
Irfan,Pathak,Mr. Irfan,Pathak,Male,irfan.pathak@example.com,6/8/1987,0,0
Jaya,Pradhan,Ms. Jaya,Pradha,Female,jaya.pradha@example.com,11/21/1993,0,1
Jaskaran,Malhotra,Lt. Karan,Malhotra,Male,karan.malhotra@example.com,4/4/1986,4,0
Laxmi,Bai,Mrs. Laxmi,Bai,Female,laxmi.bai@example.com,9/17/1991,0,0
Mahendra,Singh,Mr. Mahendra,Singh,Male,mahendra.singh@example.com,2/28/1988,0,0
Nandini,Patel,Ms. Nandini,Patel,Female,nandini.patel@example.com,7/11/1995,0,0
Omkar,Nath,Dr. Omkar,Nath,Male,omkar.nath@example.com,12/24/1982,0,0
Apratim,Devi,Mrs. Pratima,Devi,Female,pratima.devi@example.com,5/7/1993,2,0
Aarushi,Shaikh,Mr. Qamaruddin,Shaikh,Male,qamar.shaikh@example.com,10/20/1986,5,0
Mani,Mukherjee,Ms. Rani,Mukherjee,Female,rani.mukherjee@example.com,3/3/1994,1,0
Ehtisham,Basu,Shri. Soham,Basu,Male,soham.basu@example.com,8/16/1989,5,0
Januja,Mukherjee,Smt. Tanuja,Mukherjee,Female,tanuja.mukherjee@example.com,1/29/1992,6,0
Umesh,Yadav,Mr. Umesh,Yadav,Male,umesh.yadav@example.com,6/12/1987,0,0
Varsha,Sankar,Ms. Varsha,Usgaonkar,Female,varsha.usgaonkar@example.com,11/25/1993,0,3
Amar,Khan,Mr. Waqar,Khan,Male,waqar.khan@example.com,4/8/1988,2,0
Asvin,Khan,Mrs. Yasmin,Khan,Female,yasmin.khan@example.com,9/21/1991,2,0
Shivakumar,Ahmed,Shri. Zubair,Ahmed,Male,zubair.ahmed@example.com,2/4/1986,6,0
Asma,Bano,Kum. Aasma,Bano,Female,aasma.bano@example.com,7/17/1997,6,0
Babli,Kumar,Mr. Bablu,Kumar,Male,bablu.kumar@example.com,12/30/1985,1,0
Bhama,Devi,Dr. Champa,Devi,Female,champa.devi@example.com,5/13/1981,2,0
Deepika,Anne,Mrs. Deepika,Padukone,Female,deepika.padukone@example.com,10/26/1990,0,5
Akash,Gaikwad,Mr. Eknath,Gaikwad,Male,eknath.gaikwad@example.com,3/11/1987,3,0
Faizan,Shaikh,Ms. Farzana,Sheikh,Female,farzana.sheikh@example.com,8/24/1994,2,1
Sivaganesh,Pandit,Shri. Ganesh,Pandit,Male,ganesh.pandit@example.com,1/7/1989,4,0
Mahasweta,Parween,Smt. Haseena,Parveen,Female,haseena.parveen@example.com,6/20/1992,6,1
Simran,Hasni,Mr. Imran,Hashmi,Male,imran.hashmi@example.com,11/3/1987,1,2
Jaya,Machhan,Ms. Jaya,Bachchan,Female,jaya.bachchan@example.com,4/16/1993,0,2
Kaushik,Roy,Lt. Kaushik,Roy,Male,kaushik.roy@example.com,9/29/1986,4,0
Laiba,Khan,Mrs. Laila,Khan,Female,laila.khan@example.com,2/10/1991,1,0
Manish,Paul,Mr. Manish,Paul,Male,manish.paul@example.com,7/23/1988,0,0
Naini,Das,Ms. Naina,Das,Female,naina.das@example.com,12/6/1995,1,0
Omkar,Sharma,Dr. Omkar,Sharma,Male,omkar.sharma@example.com,5/19/1982,0,0
Pooja,Bhatt,Mrs. Pooja,Bhatt,Female,pooja.bhatt@example.com,10/2/1993,0,0
Atul,Ali,Mr. Qutub,Ali,Male,qutub.ali@example.com,3/15/1986,3,0
Kareena,Tandon,Ms. Raveena,Tandon,Female,raveena.tandon@example.com,8/28/1994,2,0
Shivakumar,Deep,Shri. Samar,Jeet,Male,samar.jeet@example.com,1/11/1989,5,2
Kanisha,Mukherjee,Smt. Tanisha,Mukherjee,Female,tanisha.mukherjee@example.com,6/24/1992,6,0
Uday,Shankar,Mr. Uday,Shankar,Male,uday.shankar@example.com,11/7/1987,0,0
Vidhi,Joshi,Ms. Vaidehi,Joshi,Female,vaidehi.joshi@example.com,4/20/1993,2,0
Faheem,Raja,Mr. Waseem,Raja,Male,waseem.raja@example.com,9/3/1988,2,0
Jasleen,Kapoor,Mrs. Yasmeen,Kapoor,Female,yasmeen.kapoor@example.com,2/16/1991,2,0
Srikrishan,Akhtar,Shri. Zeeshan,Akhtar,Male,zeeshan.akhtar@example.com,7/29/1986,6,0
Aayushi,Sharma,Kum. Aayushi,Sharma,Female,aayushi.sharma@example.com,12/12/1997,5,0
Abuzar,Yadav,Mr. Babulal,Yadav,Male,babulal.yadav@example.com,5/25/1985,3,0
Charu,Sharma,Dr. Charu,Sharma,Female,charu.sharma@example.com,10/8/1981,0,0
Deepa,Mehta,Mrs. Deepa,Mehta,Female,deepa.mehta@example.com,3/21/1990,0,0
Ehan,Jafri,Mr. Ehsan,Jafri,Male,ehsan.jafri@example.com,8/14/1987,1,0
Faheem,Bano,Ms. Farheen,Bano,Female,farheen.bano@example.com,1/27/1994,2,0
Shilpa,Krishna,Shri. Gopal,Krishna,Male,gopal.krishna@example.com,6/10/1989,6,0
Hema,Chauhan,Smt. Hema,Chauhan,Female,hema.chauhan@example.com,11/23/1992,5,0
Faiyaz,Ali,Mr. Imtiyaz,Ali,Male,imtiyaz.ali@example.com,4/6/1987,3,0
Jaya,Chada,Ms. Jaya,Prada,Female,jaya.prada@example.com,9/19/1993,0,2
Kailash,Seth,Lt. Kailash,Seth,Male,kailash.seth@example.com,2/2/1986,4,0
Leena,Patel,Mrs. Leena,Patel,Female,leena.patel@example.com,7/15/1991,0,0
Anuj,Kumar,Mr. Manoj,Kumar,Male,manoj.kumar@example.com,12/28/1988,2,0
Neelu,Kapoor,Ms. Neetu,Kapoor,Female,neetu.kapoor@example.com,5/11/1995,1,0
Om,Prakash,Dr. Om,Prakash,Male,om.prakash@example.com,10/24/1982,0,0
Poonam,Sharma,Mrs. Poonam,Sharma,Female,poonam.sharma@example.com,3/7/1993,0,0
Amar,Ahmed,Mr. Qamar,Ahmed,Male,qamar.ahmed@example.com,8/20/1986,1,0
Mani,Devi,Ms. Rani,Devi,Female,rani.devi@example.com,1/3/1994,1,0
Shivakumar,Singh,Shri. Samar,Singh,Male,samar.singh@example.com,6/16/1989,5,0
Maanvi,Shah,Smt. Tanvi,Shah,Female,tanvi.shah@example.com,11/29/1992,5,0
Udit,Narayan,Mr. Udit,Narayan,Male,udit.narayan@example.com,4/12/1987,0,0
Mani,Kapoor,Ms. Vani,Kapoor,Female,vani.kapoor@example.com,9/25/1993,1,0
Aahan,Khan,Mr. Wahab,Khan,Male,wahab.khan@example.com,2/6/1988,2,0
Asvin,Shaikh,Mrs. Yasmin,Sheikh,Female,yasmin.sheikh@example.com,7/19/1991,2,1
Shikhar,Iqbal,Shri. Zafar,Iqbal,Male,zafar.iqbal@example.com,12/2/1986,6,0
Himanshi,Kapoor,Kum. Aashi,Kapoor,Female,aashi.kapoor@example.com,5/15/1997,5,0
Abrar,Khan,Mr. Babar,Khan,Male,babar.khan@example.com,10/28/1985,2,0
Chandra,Kochar,Dr. Chanda,Kochhar,Female,chanda.kochhar@example.com,3/11/1981,1,1
Deepika,Sharma,Mrs. Deepika,Sharma,Female,deepika.sharma@example.com,8/24/1990,0,0
Akash,Shinde,Mr. Eknath,Shinde,Male,eknath.shinde@example.com,1/7/1987,3,0
Farida,Dalal,Ms. Farida,Jalal,Female,farida.jalal@example.com,6/20/1994,0,1
Sivaganesh,Pillai,Shri. Ganesh,Pillai,Male,ganesh.pillai@example.com,11/3/1989,4,0
Tuhina,Khan,Smt. Hina,Khan,Female,hina.khan@example.com,4/16/1992,4,0
Arshad,Khan,Mr. Irshad,Khan,Male,irshad.khan@example.com,9/29/1987,1,0
Jaya,Bauri,Ms. Jaya,Bhaduri,Female,jaya.bhaduri@example.com,2/10/1993,0,2
Kailash,Malhotra,Lt. Kailash,Malhotra,Male,kailash.malhotra@example.com,7/23/1986,4,0
Lata,Maheshwari,Mrs. Lata,Mangeshkar,Female,lata.mangeshkar@example.com,12/6/1991,0,4
Anuj,Bajpai,Mr. Manoj,Bajpai,Male,manoj.bajpai@example.com,5/19/1988,2,0
Neelja,Sharma,Ms. Neelam,Sharma,Female,neelam.sharma@example.com,10/2/1995,2,0
Omkar,Nath,Dr. Omkar,Nath,Male,omkar.nath@example.com,3/15/1982,0,0
Poonam,Dhillon,Mrs. Poonam,Dhillon,Female,poonam.dhillon@example.com,8/28/1993,0,0
Aasim,Ali,Mr. Qasim,Ali,Male,qasim.ali@example.com,1/11/1986,1,0
Radha,Krishna,Ms. Radha,Krishna,Female,radha.krishna@example.com,6/24/1994,0,0
Shrishti,Khan,Shri. Sohail,Khan,Male,sohail.khan@example.com,11/7/1989,5,0
Shantanu,Hasni,Smt. Tabu,Hashmi,Female,tabu.hashmi@example.com,4/20/1992,5,2
Uday,Chopra,Mr. Uday,Chopra,Male,uday.chopra@example.com,9/3/1987,0,0
Vidya,Balan,Ms. Vidya,Balan,Female,vidya.balan@example.com,2/16/1993,0,0
Aasim,Alam,Mr. Wasim,Akram,Male,wasim.akram@example.com,7/29/1988,1,2
Yashoda,Bai,Mrs. Yashoda,Bai,Female,yashoda.bai@example.com,12/12/1991,0,0
Shivin,Malik,Shri. Zain,Malik,Male,zain.malik@example.com,5/25/1986,5,0
Aarvi,Mishra,Kum. Aarti,Mishra,Female,aarti.mishra@example.com,10/8/1997,6,0
Bhanu,Patal,Mr. Bhanu,Pratap,Male,bhanu.pratap@example.com,3/21/1985,0,2
Chakrika,Sen,Dr. Chayanika,Sen,Female,chayanika.sen@example.com,8/4/1981,3,0
Damini,Sharma,Mrs. Damini,Sharma,Female,damini.sharma@example.com,1/17/1990,0,0
Ibrahim,Bail,Mr. Ebrahim,Vakil,Male,ebrahim.vakil@example.com,6/30/1987,1,2
Fatima,Bibi,Ms. Fatima,Bibi,Female,fatima.bibi@example.com,11/13/1994,0,0
Shilpa,Sharma,Shri. Gopal,Sharma,Male,gopal.sharma@example.com,4/26/1989,6,0
Heena,Parween,Smt. Heena,Parveen,Female,heena.parveen@example.com,9/9/1992,5,1
Irfan,Pathak,Mr. Irfan,Pathak,Male,irfan.pathak@example.com,2/22/1987,0,0
Jaya,Pradhan,Ms. Jaya,Pradha,Female,jaya.pradha@example.com,7/5/1993,0,1
Jaskaran,Malhotra,Lt. Karan,Malhotra,Male,karan.malhotra@example.com,12/18/1986,4,0
Laxmi,Bai,Mrs. Laxmi,Bai,Female,laxmi.bai@example.com,5/1/1991,0,0
Mahendra,Singh,Mr. Mahendra,Singh,Male,mahendra.singh@example.com,10/14/1988,0,0
Nandini,Patel,Ms. Nandini,Patel,Female,nandini.patel@example.com,3/27/1995,0,0
Omkar,Nath,Dr. Omkar,Nath,Male,omkar.nath@example.com,8/10/1982,0,0
Apratim,Devi,Mrs. Pratima,Devi,Female,pratima.devi@example.com,1/23/1993,2,0
Aarushi,Shaikh,Mr. Qamaruddin,Shaikh,Male,qamar.shaikh@example.com,6/6/1986,5,0
Mani,Mukherjee,Ms. Rani,Mukherjee,Female,rani.mukherjee@example.com,11/19/1994,1,0
Ehtisham,Basu,Shri. Soham,Basu,Male,soham.basu@example.com,4/2/1989,5,0
Januja,Mukherjee,Smt. Tanuja,Mukherjee,Female,tanuja.mukherjee@example.com,9/15/1992,6,0
Umesh,Yadav,Mr. Umesh,Yadav,Male,umesh.yadav@example.com,2/28/1987,0,0
Varsha,Sankar,Ms. Varsha,Usgaonkar,Female,varsha.usgaonkar@example.com,7/11/1993,0,3
Amar,Khan,Mr. Waqar,Khan,Male,waqar.khan@example.com,12/24/1988,2,0
Asvin,Khan,Mrs. Yasmin,Khan,Female,yasmin.khan@example.com,5/7/1991,2,0
Shivakumar,Ahmed,Shri. Zubair,Ahmed,Male,zubair.ahmed@example.com,10/20/1986,6,0
Asma,Bano,Kum. Aasma,Bano,Female,aasma.bano@example.com,3/3/1997,6,0
Babli,Kumar,Mr. Bablu,Kumar,Male,bablu.kumar@example.com,8/16/1985,1,0
Bhama,Devi,Dr. Champa,Devi,Female,champa.devi@example.com,1/29/1981,2,0
Deepika,Anne,Mrs. Deepika,Padukone,Female,deepika.padukone@example.com,6/12/1990,0,5
Akash,Gaikwad,Mr. Eknath,Gaikwad,Male,eknath.gaikwad@example.com,11/25/1987,3,0
Faizan,Shaikh,Ms. Farzana,Sheikh,Female,farzana.sheikh@example.com,4/8/1994,2,1
Sivaganesh,Pandit,Shri. Ganesh,Pandit,Male,ganesh.pandit@example.com,9/21/1989,4,0
Mahasweta,Parween,Smt. Haseena,Parveen,Female,haseena.parveen@example.com,2/4/1992,6,1
Simran,Hasni,Mr. Imran,Hashmi,Male,imran.hashmi@example.com,7/17/1987,1,2
Jaya,Machhan,Ms. Jaya,Bachchan,Female,jaya.bachchan@example.com,12/30/1993,0,2
Kaushik,Roy,Lt. Kaushik,Roy,Male,kaushik.roy@example.com,5/13/1986,4,0
Laiba,Khan,Mrs. Laila,Khan,Female,laila.khan@example.com,10/26/1991,1,0
Manish,Paul,Mr. Manish,Paul,Male,manish.paul@example.com,4/9/1988,0,0
Naini,Das,Ms. Naina,Das,Female,naina.das@example.com,9/22/1995,1,0
Omkar,Sharma,Dr. Omkar,Sharma,Male,omkar.sharma@example.com,2/5/1982,0,0
Pooja,Bhatt,Mrs. Pooja,Bhatt,Female,pooja.bhatt@example.com,7/18/1993,0,0
Atul,Ali,Mr. Qutub,Ali,Male,qutub.ali@example.com,12/1/1986,3,0
Kareena,Tandon,Ms. Raveena,Tandon,Female,raveena.tandon@example.com,5/14/1994,2,0
Shivakumar,Deep,Shri. Samar,Jeet,Male,samar.jeet@example.com,10/27/1989,5,2
Kanisha,Mukherjee,Smt. Tanisha,Mukherjee,Female,tanisha.mukherjee@example.com,3/10/1992,6,0
Uday,Shankar,Mr. Uday,Shankar,Male,uday.shankar@example.com,8/23/1987,0,0
Vidhi,Joshi,Ms. Vaidehi,Joshi,Female,vaidehi.joshi@example.com,1/6/1993,2,0
Faheem,Raja,Mr. Waseem,Raja,Male,waseem.raja@example.com,6/19/1988,2,0
Jasleen,Kapoor,Mrs. Yasmeen,Kapoor,Female,yasmeen.kapoor@example.com,11/2/1991,2,0
Srikrishan,Akhtar,Shri. Zeeshan,Akhtar,Male,zeeshan.akhtar@example.com,4/15/1986,6,0
Aayushi,Sharma,Kum. Aayushi,Sharma,Female,aayushi.sharma@example.com,9/28/1997,5,0
Abuzar,Yadav,Mr. Babulal,Yadav,Male,babulal.yadav@example.com,3/11/1985,3,0
Charu,Sharma,Dr. Charu,Sharma,Female,charu.sharma@example.com,8/24/1981,0,0
Deepa,Mehta,Mrs. Deepa,Mehta,Female,deepa.mehta@example.com,1/7/1990,0,0
Ehan,Jafri,Mr. Ehsan,Jafri,Male,ehsan.jafri@example.com,6/20/1987,1,0
Faheem,Bano,Ms. Farheen,Bano,Female,farheen.bano@example.com,11/3/1994,2,0
Shilpa,Krishna,Shri. Gopal,Krishna,Male,gopal.krishna@example.com,4/16/1989,6,0
Hema,Chauhan,Smt. Hema,Chauhan,Female,hema.chauhan@example.com,9/29/1992,5,0
Faiyaz,Ali,Mr. Imtiyaz,Ali,Male,imtiyaz.ali@example.com,2/10/1987,3,0
Jaya,Chada,Ms. Jaya,Prada,Female,jaya.prada@example.com,7/23/1993,0,2
Kailash,Seth,Lt. Kailash,Seth,Male,kailash.seth@example.com,12/6/1986,4,0
Leena,Patel,Mrs. Leena,Patel,Female,leena.patel@example.com,5/19/1991,0,0
Anuj,Kumar,Mr. Manoj,Kumar,Male,manoj.kumar@example.com,10/2/1988,2,0
Neelu,Kapoor,Ms. Neetu,Kapoor,Female,neetu.kapoor@example.com,3/15/1995,1,0
Om,Prakash,Dr. Om,Prakash,Male,om.prakash@example.com,8/28/1982,0,0
Poonam,Sharma,Mrs. Poonam,Sharma,Female,poonam.sharma@example.com,1/11/1993,0,0
Amar,Ahmed,Mr. Qamar,Ahmed,Male,qamar.ahmed@example.com,6/24/1986,1,0
Mani,Devi,Ms. Rani,Devi,Female,rani.devi@example.com,11/7/1994,1,0
Shivakumar,Singh,Shri. Samar,Singh,Male,samar.singh@example.com,4/20/1989,5,0
Maanvi,Shah,Smt. Tanvi,Shah,Female,tanvi.shah@example.com,9/3/1992,5,0
Udit,Narayan,Mr. Udit,Narayan,Male,udit.narayan@example.com,2/16/1987,0,0
Mani,Kapoor,Ms. Vani,Kapoor,Female,vani.kapoor@example.com,7/29/1993,1,0
Aahan,Khan,Mr. Wahab,Khan,Male,wahab.khan@example.com,12/12/1988,2,0
Asvin,Shaikh,Mrs. Yasmin,Sheikh,Female,yasmin.sheikh@example.com,5/25/1991,2,1
Shikhar,Iqbal,Shri. Zafar,Iqbal,Male,zafar.iqbal@example.com,10/8/1986,6,0
Himanshi,Kapoor,Kum. Aashi,Kapoor,Female,aashi.kapoor@example.com,3/21/1997,5,0
Abrar,Khan,Mr. Babar,Khan,Male,babar.khan@example.com,8/4/1985,2,0
Chandra,Kochar,Dr. Chanda,Kochhar,Female,chanda.kochhar@example.com,1/17/1981,1,1
Deepika,Sharma,Mrs. Deepika,Sharma,Female,deepika.sharma@example.com,6/30/1990,0,0
Akash,Shinde,Mr. Eknath,Shinde,Male,eknath.shinde@example.com,11/13/1987,3,0
Farida,Dalal,Ms. Farida,Jalal,Female,,,0,1
