First Name,Last Name,Gender,Email,Date of Birth
Mr. Rajivv,Sharmaa,Male,rajiv.sharma@example.com,8/15/1985
Mrs. Pryanka,Patell,Female,pryanka.patel@example.com,12/25/1990
Ms. Anjli,Shuklaa,Female,anjli.shukla@example.com,5/5/1995
Dr. Arvind,Guptah,Male,arvind.gupta@example.com,7/18/1988
Mr. Vikrm,Singh,Male,vikrm.singh@example.com,3/30/1992
Mrs. Neeha,Despande,Female,neeha.despande@example.com,11/14/1987
Ms. Shwta,Jane,Female,shwta.jane@example.com,4/17/1994
Prof. Sanjai,Varmaa,Male,sanjai.varma@example.com,1/9/1984
Mr. Aamit,Kapur,Male,aamit.kapur@example.com,5/28/1989
Mrs. Puja,Chowdhary,Female,puja.chowdhary@example.com,8/11/1993
Ms. Divyaa,Sharmah,Female,divyaa.sharmah@example.com,2/23/1996
Mr. Rohyt,Malikk,Male,rohyt.malikk@example.com,10/31/1986
Mrs. Kavitaa,Pathak,Female,kavitaa.pathak@example.com,7/12/1983
Mr. Manooj,Pandey,Male,manooj.pandey@example.com,4/15/1990
Ms. Reetu,Agarwal,Female,reetu.agarwal@example.com,9/27/1995
Mr. Dipak,Chauhan,Male,dipak.chauhan@example.com,12/8/1985
Mrs. Snehha,Nayak,Female,snehha.nayak@example.com,6/19/1988
Mr. Alook,Saxenaa,Male,alook.saxenaa@example.com,3/4/1991
Ms. Taanvi,Mehta,Female,taanvi.mehta@example.com,11/21/1994
Mr. Vivekk,Bajpayee,Male,vivekk.bajpayee@example.com,2/14/1987
Dr. Ananyaa,Trivedy,Female,ananyaa.trivedy@example.com,9/30/1984
Mr. Akshayy,Khaan,Male,akshayy.khaan@example.com,8/19/1991
Mrs. Swatee,Joshii,Female,swatee.joshii@example.com,3/25/1988
Mr. Pratikk,Goswamii,Male,pratikk.goswamii@example.com,7/11/1989
Ms. Niddhi,Shaha,Female,niddhi.shaha@example.com,5/16/1993
Mr. Gauravv,Jayn,Male,gauravv.jayn@example.com,1/22/1986
Mrs. Ankeeta,Deshmukh,Female,ankeeta.deshmukh@example.com,10/7/1990
Mr. Siddhart,Malhotra,Male,siddhart.malhotra@example.com,12/3/1987
Ms. Punam,Yadaav,Female,punam.yadaav@example.com,4/28/1992
Mr. Harshh,Rathodd,Male,harshh.rathodd@example.com,8/14/1985
Mrs. Riyaa,Chauhann,Female,riyaa.chauhan@example.com,2/9/1994
Mr. Kunall,Varmaa,Male,kunall.verma@example.com,6/25/1989
Ms. Isheta,Mathurr,Female,isheta.mathur@example.com,11/18/1991
Mr. Abhisek,Tewari,Male,abhisek.tewari@example.com,5/30/1988
Mrs. Shruty,Nayudu,Female,shruty.nayudu@example.com,9/12/1993
Mr. Varunn,Kulkarny,Male,varunn.kulkarny@example.com,7/21/1986
Ms. Pallavvi,Rawo,Female,pallavvi.rawo@example.com,1/15/1990
Mr. Adityaa,Menonn,Male,adityaa.menonn@example.com,4/6/1987
Mrs. Taniya,Joshie,Female,taniya.joshie@example.com,8/29/1992
Mr. Rohann,Shettyy,Male,rohann.shettyy@example.com,3/17/1985
Ms. Krittika,Redddy,Female,krittika.redddy@example.com,10/22/1994
Mr. Nikhill,Iyyer,Male,nikhill.iyyer@example.com,12/14/1989
Mrs. Meghaa,Chawlah,Female,meghaa.chawlah@example.com,5/8/1991
Mr. Sameeer,Ahooja,Male,sameeer.ahooja@example.com,9/3/1986
Ms. Anushkaa,Malikk,Female,anushkaa.malikk@example.com,7/19/1993
Mr. Karan,Choprah,Male,karan.choprah@example.com,2/26/1988
Mrs. Radhikah,Synha,Female,radhikah.synha@example.com,11/11/1990
Mr. Arjun,Bossee,Male,arjun.bossee@example.com,6/24/1985
Ms. Preya,Rangann,Female,preya.rangann@example.com,1/7/1992
Mr. Rohhit,Chanddra,Male,rohhit.chanddra@example.com,8/30/1987
Mrs. Deepikaa,Kappor,Female,deepikaa.kappor@example.com,4/13/1994
Mr. Rajeev,Nayar,Male,rajeev.nayar@example.com,10/28/1989
Ms. Anjalii,Meenon,Female,anjalii.meenon@example.com,3/15/1991
Mr. Vikass,Dube,Male,vikass.dube@example.com,12/9/1986
Mrs. Shalinii,Vankat,Female,shalinii.vankat@example.com,5/22/1993
Mr. Ankitt,Bajajj,Male,ankitt.bajajj@example.com,7/17/1988
Ms. Nehaa,Rawo,Female,nehaa.rawo@example.com,2/4/1990
Mr. Raul,Khaan,Male,raul.khaan@example.com,5/19/1987
Mrs. Sonalii,Banerjee,Female,sonalii.banerjee@example.com,9/14/1992
Mr. Harishh,Kumarr,Male,harishh.kumarr@example.com,11/28/1985
Ms. Poojaa,Sengupta,Female,poojaa.sengupta@example.com,6/7/1993
Mr. Mohit,Agrawall,Male,mohit.agrawall@example.com,1/22/1988
Mrs. Jahnvi,Duttaa,Female,jahnvi.duttaa@example.com,4/15/1991
Mr. Suryaa,Naiduu,Male,suryaa.naiduu@example.com,8/9/1986
Ms. Kritii,Khannaa,Female,kritii.khannaa@example.com,3/24/1994
Mr. Yashh,Bhansali,Male,yashh.bhansali@example.com,7/18/1989
Mrs. Tanushree,Chakraborty,Female,tanushree.chakraborty@example.com,12/31/1990
Mr. Rishabh,Sethii,Male,rishabh.sethii@example.com,2/13/1987
Ms. Aastha,Malhotraa,Female,aastha.malhotraa@example.com,10/26/1993
Mr. Dhruvv,Wadhwaa,Male,dhruvv.wadhwaa@example.com,5/11/1988
Mrs. Ishani,Bose,Female,ishani.bose@example.com,9/4/1991
Mr. Adarshh,Sood,Male,adarshh.sood@example.com,4/27/1986
Ms. Bhavyaa,Raoot,Female,bhavyaa.raoot@example.com,1/10/1994
Mr. Chirag,Mehraa,Male,chirag.mehraa@example.com,8/23/1989
Mrs. Dipikaa,Burman,Female,dipikaa.burman@example.com,7/16/1992
Mr. Eshaan,Ganguly,Male,eshaan.ganguly@example.com,12/29/1987
Ms. Falgunii,Chandok,Female,falgunii.chandok@example.com,5/12/1993
Mr. Gaurav,Ahluwaliaa,Male,gaurav.ahluwaliaa@example.com,10/25/1988
Mrs. Harshitaa,Dalal,Female,harshitaa.dalal@example.com,3/8/1991
Mr. Inder,Grewwal,Male,inder.grewwal@example.com,11/21/1986
Ms. Jeevikaa,Luthraa,Female,jeevikaa.luthraa@example.com,6/14/1994
Mr. Karanveer,Sodhii,Male,karanveer.sodhii@example.com,1/27/1989
Mrs. Lavanyaa,Badree,Female,lavanyaa.badree@example.com,4/10/1992
Mr. Manit,Nagpal,Male,manit.nagpal@example.com,9/23/1987
Ms. Navyaa,Sarin,Female,navyaa.sarin@example.com,2/16/1993
Mr. Omkar,Bhatiaa,Male,omkar.bhatiaa@example.com,7/29/1988
Mrs. Pari,Chaddha,Female,pari.chaddha@example.com,12/12/1991
Mr. Qamar,Chibber,Male,qamar.chibber@example.com,5/25/1986
Ms. Rashi,Dugall,Female,rashi.dugall@example.com,10/8/1994
Mr. Sagar,Essar,Male,sagar.essar@example.com,3/21/1989
Mrs. Trisha,Kohlii,Female,trisha.kohlii@example.com,8/14/1992
Mr. Udit,Kapadiaa,Male,udit.kapadiaa@example.com,1/27/1987
Ms. Varshaa,Lambaa,Female,varshaa.lambaa@example.com,6/10/1993
Mr. Wasim,Khan,Male,wasim.khan@example.com,11/23/1988
Mrs. Xena,Chawlaa,Female,xena.chawlaa@example.com,4/6/1991
Mr. Yuvraaj,Saigal,Male,yuvraaj.saigal@example.com,9/19/1986
Ms. Zoya,Berry,Female,zoya.berry@example.com,2/2/1994
Mr. Aayush,Aroraa,Male,aayush.aroraa@example.com,7/15/1989
Mrs. Bhoomi,Bakshi,Female,bhoomi.bakshi@example.com,12/28/1992
Mr. Chetan,Dhingraa,Male,chetan.dhingraa@example.com,5/11/1987
Ms. Devikaa,Gill,Female,devikaa.gill@example.com,10/24/1993
Mr. Farhan,Hassan,Male,farhan.hassan@example.com,3/7/1988
Mrs. Geetikaa,Johall,Female,geetikaa.johall@example.com,8/20/1991
Mr. Himanshu,Katyal,Male,himanshu.katyal@example.com,1/3/1986
Smt. Anupamaa,Raaghavan,Female,anupama.raghavan@example.com,9/14/1985
Shri. Balaajee,Murthyy,Male,bala.murthy@example.com,12/7/1991
Kum. Chaaya,Devii,Female,chaya.devi@example.com,4/23/1996
Capt. Dineshh,Shekhawat,Male,dinesh.shekhawat@example.com,7/18/1983
Mrs. Eshwari,Pillai,Female,eshwari.pillai@example.com,2/28/1990
Mr. Farookh,Hussain,Male,farook.hussain@example.com,11/15/1988
Ms. Gayathri,Iyyerr,Female,gayathri.iyer@example.com,5/9/1993
Lt. Harpreet,Grewal,Male,harpreet.grewal@example.com,8/22/1986
Dr. Indraneel,Chaterjee,Male,indraneel.chatterjee@example.com,3/17/1984
Mrs. Jyotikaa,Naayar,Female,jyoti.nayar@example.com,10/4/1992
Mr. Kailashnath,Dixit,Male,kailash.dixit@example.com,1/27/1989
Ms. Lakshmii,Venkatesan,Female,laxmi.venkatesan@example.com,6/12/1995
Prof. Maheshwar,Reddyy,Male,mahesh.reddy@example.com,9/5/1981
Mrs. Nandini,Hebbar,Female,nandini.hebbar@example.com,4/20/1987
Mr. Omkaar,Bhattt,Male,omkar.bhat@example.com,7/13/1994
Ms. Parvathy,Menonn,Female,parvathi.menon@example.com,12/6/1991
Shri. Quaiser,Ahmaad,Male,kaiser.ahmad@example.com,5/19/1986
Smt. Radhikha,Sundaram,Female,radhika.sundaram@example.com,8/2/1993
Mr. Sathish,Kumarr,Male,satish.kumar@example.com,3/25/1988
Ms. Trishaa,Gomes,Female,trisha.gomes@example.com,10/18/1996
Mr. Ujwal,Naagarkar,Male,ujwal.nagarkar@example.com,1/11/1985
Mrs. Varshaa,Kini,Female,varsha.kini@example.com,4/24/1992
Mr. Wasimuddin,Khann,Male,wasim.khan@example.com,9/7/1989
Ms. Xena,Fernandis,Female,xena.fernandes@example.com,2/20/1994
Mr. Yogeshwar,Patill,Male,yogesh.patil@example.com,7/13/1987
Mrs. Zeenath,Fathima,Female,zeenat.fatima@example.com,12/6/1990
Shri. Aadarsh,Somanii,Male,adarsh.somani@example.com,5/19/1985
Kum. Bhagyashree,Deshpandey,Female,bhagyashri.deshpande@example.com,8/2/1997
Mr. Chandrakant,Dholakkia,Male,chandrakant.dholakia@example.com,1/15/1988
Dr. Deepan,Shivdasani,Male,deepan.shivdasani@example.com,4/28/1983
Mrs. Elakkiya,Sivaram,Female,elakya.sivaram@example.com,9/11/1991
Mr. Feroz,Kader,Male,feroz.kader@example.com,2/24/1986
Ms. Gowri,Hegde,Female,gouri.hegde@example.com,7/17/1993
Shri. Hrithik,Roshan,Male,hrithik.roshan@example.com,12/10/1989
Smt. Ishwari,Bhonsle,Female,ishwari.bhosle@example.com,5/23/1994
Mr. Jitendraa,Jadhav,Male,jitendra.jadhav@example.com,10/16/1987
Ms. Kavyaa,Kashyapp,Female,kavya.kashyap@example.com,3/9/1992
Lt. Lokeshwar,Choudhury,Male,lokesh.choudhary@example.com,8/22/1985
Mrs. Meenakshii,Ayyappan,Female,meenakshi.ayyappan@example.com,1/15/1990
Mr. Nandkishore,Biradar,Male,nandkishor.biradar@example.com,6/28/1988
Ms. Oorvashi,Raut,Female,urvashi.raut@example.com,11/21/1995
Dr. Prabhakaran,Nambiar,Male,prabhakar.nambiar@example.com,4/14/1982
Mrs. Qamrun,Sheikh,Female,kamrun.shaikh@example.com,9/27/1993
Mr. Rakesh,Rathod,Male,rakesh.rathod@example.com,2/10/1986
Ms. Samyuktaa,Gaekwad,Female,samyukta.gaekwad@example.com,7/25/1994
Shri. Tushaar,Mehtaa,Male,tushar.mehta@example.com,12/18/1989
Smt. Urmila,Matondkar,Female,urmila.matondkar@example.com,5/31/1992
Mr. Vijaykumar,Naicker,Male,vijay.kumar@example.com,10/24/1987
Ms. Wahida,Parveen,Female,wahida.parvin@example.com,3/17/1993
Mr. Xavier,Dsouza,Male,xavier.dsouza@example.com,8/30/1988
Mrs. Yasmeen,Begum,Female,yasmin.begum@example.com,1/13/1991
Shri. Zuber,Khan,Male,zuber.khan@example.com,6/26/1986
Kum. Aahana,Banerji,Female,aahana.banerjee@example.com,11/19/1997
Mr. Brijmohan,Pareek,Male,brij.mohan@example.com,4/12/1985
Dr. Chandni,SenGupta,Female,chandni.sengupta@example.com,9/5/1981
Mrs. Damyanti,Chauhan,Female,damyanti.chauhan@example.com,2/18/1990
Mr. Eknath,Shindee,Male,eknath.shinde@example.com,7/11/1987
Ms. Falak,Zaidi,Female,falak.zaidi@example.com,12/4/1994
Shri. Ganeshan,Subramaniam,Male,ganesh.subramanian@example.com,5/17/1989
Smt. Hamsa,Nair,Female,hamsa.nair@example.com,10/30/1992
Mr. Irfaan,Pathan,Male,irfan.pathan@example.com,3/13/1987
Ms. Jhanvi,Kapur,Female,jhanvi.kapoor@example.com,8/26/1993
Lt. Karanveer,Singh,Male,karanveer.singh@example.com,1/9/1986
Mrs. Lavanya,Thyagaraj,Female,lavanya.thyagaraj@example.com,6/22/1991
Mr. Maninder,Bedi,Male,maninder.bedi@example.com,11/15/1988
Ms. Nandita,Das,Female,nandita.das@example.com,4/28/1995
Dr. Omkar,Nath,Male,omkar.nath@example.com,9/11/1982
Mrs. Pratibhaa,Devi,Female,pratibha.devi@example.com,2/24/1993
Mr. Qutubuddin,Miyan,Male,qutub.miyan@example.com,7/7/1986
Ms. Revathy,Krishnamurthy,Female,revathi.krishnamurthy@example.com,12/20/1994
Shri. Sampath,Raj,Male,sampath.raj@example.com,5/3/1989
Smt. Tanishta,Chakravarthy,Female,tanishta.chakravarthy@example.com,10/16/1992
Mr. Uday,Kiran,Male,uday.kiran@example.com,3/29/1987
Ms. Vaishnavi,Venkatraman,Female,vaishnavi.venkatraman@example.com,8/12/1993
Mr. Waseem,Akram,Male,waseem.akram@example.com,1/25/1988
Mrs. Yashoda,Bai,Female,yashoda.bai@example.com,6/8/1991
Shri. Zorawar,Singh,Male,zorawar.singh@example.com,11/21/1986
Kum. Aashi,Kohli,Female,aashi.kohli@example.com,4/14/1997
Mr. Babulal,Meena,Male,babulal.meena@example.com,9/27/1985
Dr. Charu,Lata,Female,charu.lata@example.com,2/10/1981
Mrs. Divyanka,Dixit,Female,divyanka.dixit@example.com,7/23/1990
Mr. Eshwar,Prasad,Male,eshwar.prasad@example.com,12/16/1987
Ms. Farida,Jahan,Female,farida.jahan@example.com,5/29/1994
Shri. Gopalakrishnan,Nair,Male,gopal.nair@example.com,10/12/1989
Smt. Hema,Malini,Female,hema.malini@example.com,3/25/1992
Mr. Imtiaz,Ali,Male,imtiaz.ali@example.com,8/8/1987
Ms. Jaya,Bhaduri,Female,jaya.bhaduri@example.com,1/21/1993
Lt. Kirit,Parikh,Male,kirit.parikh@example.com,6/4/1986
Mrs. Leelavati,Desai,Female,leelavati.desai@example.com,11/17/1991
Mr. Madhav,Seth,Male,madhav.seth@example.com,4/30/1988
Ms. Naina,Bhatia,Female,naina.bhatia@example.com,9/13/1995
Dr. Om,Prakash,Male,om.prakash@example.com,2/26/1982
Mrs. Preeti,Zinta,Female,preeti.zinta@example.com,7/9/1993
Mr. Qamar,Jeelani,Male,qamar.jeelani@example.com,12/22/1986
Ms. Rukmini,Varma,Female,rukmini.varma@example.com,5/5/1994
Shri. Surya,Prakash,Male,surya.prakash@example.com,10/18/1989
Smt. Tulsi,Das,Female,tulsi.das@example.com,3/31/1992
Mr. Ujjal,Ghosh,Male,ujjal.ghosh@example.com,8/14/1987
Ms. Vibha,Trivedi,Female,vibha.trivedi@example.com,1/27/1993
Mr. Wahab,Raza,Male,wahab.raza@example.com,6/10/1988
Mrs. Yami,Gautam,Female,yami.gautam@example.com,11/23/1991
Shri. Zafar,Imam,Male,zafar.imam@example.com,4/6/1986
Kum. Aayushi,Joshi,Female,aayushi.joshi@example.com,9/19/1997
Mr. Badal,Gupta,Male,badal.gupta@example.com,2/2/1985
Dr. Chitra,Banerjee,Female,chitra.banerjee@example.com,7/15/1981
Mrs. Deepali,Shah,Female,deepali.shah@example.com,12/28/1990
Mr. Ehsaan,Qureshi,Male,ehsaan.qureshi@example.com,5/11/1987
Ms. Farah,Khan,Female,farah.khan@example.com,10/24/1994
Shri. Ganesh,Dutta,Male,ganesh.dutta@example.com,3/7/1989
Smt. Hina,Rabbani,Female,hina.rabbani@example.com,8/20/1992
Mr. Iqbal,Mohammed,Male,iqbal.mohammed@example.com,1/3/1987
Ms. Juhi,Chawla,Female,juhi.chawla@example.com,6/16/1993
Lt. Kailash,Chander,Male,kailash.chander@example.com,11/29/1986
Mrs. Lata,Mangeshkar,Female,lata.mangeshkar@example.com,4/12/1991
Mr. Manoj,Bajpayee,Male,manoj.bajpayee@example.com,9/25/1988
Ms. Neelam,Kothari,Female,neelam.kothari@example.com,2/8/1995
Dr. Omkar,Deshpande,Male,omkar.deshpande@example.com,7/21/1982
Mrs. Poonam,Dhillon,Female,poonam.dhillon@example.com,12/4/1993
Mr. Qasim,Shaikh,Male,qasim.shaikh@example.com,5/17/1986
Ms. Radhika,Apte,Female,radhika.apte@example.com,10/30/1994
Shri. Sohail,Khan,Male,sohail.khan@example.com,3/13/1989
Smt. Tabu,Hashmi,Female,tabu.hashmi@example.com,8/26/1992
Mr. Uday,Chopra,Male,uday.chopra@example.com,1/9/1987
Ms. Vidya,Balan,Female,vidya.balan@example.com,6/22/1993
Mr. Wasim,Akhtar,Male,wasim.akhtar@example.com,11/5/1988
Mrs. Yashodhara,Rao,Female,yashodhara.rao@example.com,4/18/1991
Shri. Zain,Malik,Male,zain.malik@example.com,9/1/1986
Kum. Aarti,Mishra,Female,aarti.mishra@example.com,2/14/1997
Mr. Bhanu,Pratap,Male,bhanu.pratap@example.com,7/27/1985
Dr. Chayanika,Sen,Female,chayanika.sen@example.com,12/10/1981
Mrs. Damini,Sharma,Female,damini.sharma@example.com,5/23/1990
Mr. Ebrahim,Vakil,Male,ebrahim.vakil@example.com,10/16/1987
Ms. Fatima,Bibi,Female,fatima.bibi@example.com,3/29/1994
Shri. Gopal,Sharma,Male,gopal.sharma@example.com,8/12/1989
Smt. Heena,Parveen,Female,heena.parveen@example.com,1/25/1992
Mr. Irfan,Pathak,Male,irfan.pathak@example.com,6/8/1987
Ms. Jaya,Pradha,Female,jaya.pradha@example.com,11/21/1993
Lt. Karan,Malhotra,Male,karan.malhotra@example.com,4/4/1986
Mrs. Laxmi,Bai,Female,laxmi.bai@example.com,9/17/1991
Mr. Mahendra,Singh,Male,mahendra.singh@example.com,2/28/1988
Ms. Nandini,Patel,Female,nandini.patel@example.com,7/11/1995
Dr. Omkar,Nath,Male,omkar.nath@example.com,12/24/1982
Mrs. Pratima,Devi,Female,pratima.devi@example.com,5/7/1993
Mr. Qamaruddin,Shaikh,Male,qamar.shaikh@example.com,10/20/1986
Ms. Rani,Mukherjee,Female,rani.mukherjee@example.com,3/3/1994
Shri. Soham,Basu,Male,soham.basu@example.com,8/16/1989
Smt. Tanuja,Mukherjee,Female,tanuja.mukherjee@example.com,1/29/1992
Mr. Umesh,Yadav,Male,umesh.yadav@example.com,6/12/1987
Ms. Varsha,Usgaonkar,Female,varsha.usgaonkar@example.com,11/25/1993
Mr. Waqar,Khan,Male,waqar.khan@example.com,4/8/1988
Mrs. Yasmin,Khan,Female,yasmin.khan@example.com,9/21/1991
Shri. Zubair,Ahmed,Male,zubair.ahmed@example.com,2/4/1986
Kum. Aasma,Bano,Female,aasma.bano@example.com,7/17/1997
Mr. Bablu,Kumar,Male,bablu.kumar@example.com,12/30/1985
Dr. Champa,Devi,Female,champa.devi@example.com,5/13/1981
Mrs. Deepika,Padukone,Female,deepika.padukone@example.com,10/26/1990
Mr. Eknath,Gaikwad,Male,eknath.gaikwad@example.com,3/11/1987
Ms. Farzana,Sheikh,Female,farzana.sheikh@example.com,8/24/1994
Shri. Ganesh,Pandit,Male,ganesh.pandit@example.com,1/7/1989
Smt. Haseena,Parveen,Female,haseena.parveen@example.com,6/20/1992
Mr. Imran,Hashmi,Male,imran.hashmi@example.com,11/3/1987
Ms. Jaya,Bachchan,Female,jaya.bachchan@example.com,4/16/1993
Lt. Kaushik,Roy,Male,kaushik.roy@example.com,9/29/1986
Mrs. Laila,Khan,Female,laila.khan@example.com,2/10/1991
Mr. Manish,Paul,Male,manish.paul@example.com,7/23/1988
Ms. Naina,Das,Female,naina.das@example.com,12/6/1995
Dr. Omkar,Sharma,Male,omkar.sharma@example.com,5/19/1982
Mrs. Pooja,Bhatt,Female,pooja.bhatt@example.com,10/2/1993
Mr. Qutub,Ali,Male,qutub.ali@example.com,3/15/1986
Ms. Raveena,Tandon,Female,raveena.tandon@example.com,8/28/1994
Shri. Samar,Jeet,Male,samar.jeet@example.com,1/11/1989
Smt. Tanisha,Mukherjee,Female,tanisha.mukherjee@example.com,6/24/1992
Mr. Uday,Shankar,Male,uday.shankar@example.com,11/7/1987
Ms. Vaidehi,Joshi,Female,vaidehi.joshi@example.com,4/20/1993
Mr. Waseem,Raja,Male,waseem.raja@example.com,9/3/1988
Mrs. Yasmeen,Kapoor,Female,yasmeen.kapoor@example.com,2/16/1991
Shri. Zeeshan,Akhtar,Male,zeeshan.akhtar@example.com,7/29/1986
Kum. Aayushi,Sharma,Female,aayushi.sharma@example.com,12/12/1997
Mr. Babulal,Yadav,Male,babulal.yadav@example.com,5/25/1985
Dr. Charu,Sharma,Female,charu.sharma@example.com,10/8/1981
Mrs. Deepa,Mehta,Female,deepa.mehta@example.com,3/21/1990
Mr. Ehsan,Jafri,Male,ehsan.jafri@example.com,8/14/1987
Ms. Farheen,Bano,Female,farheen.bano@example.com,1/27/1994
Shri. Gopal,Krishna,Male,gopal.krishna@example.com,6/10/1989
Smt. Hema,Chauhan,Female,hema.chauhan@example.com,11/23/1992
Mr. Imtiyaz,Ali,Male,imtiyaz.ali@example.com,4/6/1987
Ms. Jaya,Prada,Female,jaya.prada@example.com,9/19/1993
Lt. Kailash,Seth,Male,kailash.seth@example.com,2/2/1986
Mrs. Leena,Patel,Female,leena.patel@example.com,7/15/1991
Mr. Manoj,Kumar,Male,manoj.kumar@example.com,12/28/1988
Ms. Neetu,Kapoor,Female,neetu.kapoor@example.com,5/11/1995
Dr. Om,Prakash,Male,om.prakash@example.com,10/24/1982
Mrs. Poonam,Sharma,Female,poonam.sharma@example.com,3/7/1993
Mr. Qamar,Ahmed,Male,qamar.ahmed@example.com,8/20/1986
Ms. Rani,Devi,Female,rani.devi@example.com,1/3/1994
Shri. Samar,Singh,Male,samar.singh@example.com,6/16/1989
Smt. Tanvi,Shah,Female,tanvi.shah@example.com,11/29/1992
Mr. Udit,Narayan,Male,udit.narayan@example.com,4/12/1987
Ms. Vani,Kapoor,Female,vani.kapoor@example.com,9/25/1993
Mr. Wahab,Khan,Male,wahab.khan@example.com,2/6/1988
Mrs. Yasmin,Sheikh,Female,yasmin.sheikh@example.com,7/19/1991
Shri. Zafar,Iqbal,Male,zafar.iqbal@example.com,12/2/1986
Kum. Aashi,Kapoor,Female,aashi.kapoor@example.com,5/15/1997
Mr. Babar,Khan,Male,babar.khan@example.com,10/28/1985
Dr. Chanda,Kochhar,Female,chanda.kochhar@example.com,3/11/1981
Mrs. Deepika,Sharma,Female,deepika.sharma@example.com,8/24/1990
Mr. Eknath,Shinde,Male,eknath.shinde@example.com,1/7/1987
Ms. Farida,Jalal,Female,farida.jalal@example.com,6/20/1994
Shri. Ganesh,Pillai,Male,ganesh.pillai@example.com,11/3/1989
Smt. Hina,Khan,Female,hina.khan@example.com,4/16/1992
Mr. Irshad,Khan,Male,irshad.khan@example.com,9/29/1987
Ms. Jaya,Bhaduri,Female,jaya.bhaduri@example.com,2/10/1993
Lt. Kailash,Malhotra,Male,kailash.malhotra@example.com,7/23/1986
Mrs. Lata,Mangeshkar,Female,lata.mangeshkar@example.com,12/6/1991
Mr. Manoj,Bajpai,Male,manoj.bajpai@example.com,5/19/1988
Ms. Neelam,Sharma,Female,neelam.sharma@example.com,10/2/1995
Dr. Omkar,Nath,Male,omkar.nath@example.com,3/15/1982
Mrs. Poonam,Dhillon,Female,poonam.dhillon@example.com,8/28/1993
Mr. Qasim,Ali,Male,qasim.ali@example.com,1/11/1986
Ms. Radha,Krishna,Female,radha.krishna@example.com,6/24/1994
Shri. Sohail,Khan,Male,sohail.khan@example.com,11/7/1989
Smt. Tabu,Hashmi,Female,tabu.hashmi@example.com,4/20/1992
Mr. Uday,Chopra,Male,uday.chopra@example.com,9/3/1987
Ms. Vidya,Balan,Female,vidya.balan@example.com,2/16/1993
Mr. Wasim,Akram,Male,wasim.akram@example.com,7/29/1988
Mrs. Yashoda,Bai,Female,yashoda.bai@example.com,12/12/1991
Shri. Zain,Malik,Male,zain.malik@example.com,5/25/1986
Kum. Aarti,Mishra,Female,aarti.mishra@example.com,10/8/1997
Mr. Bhanu,Pratap,Male,bhanu.pratap@example.com,3/21/1985
Dr. Chayanika,Sen,Female,chayanika.sen@example.com,8/4/1981
Mrs. Damini,Sharma,Female,damini.sharma@example.com,1/17/1990
Mr. Ebrahim,Vakil,Male,ebrahim.vakil@example.com,6/30/1987
Ms. Fatima,Bibi,Female,fatima.bibi@example.com,11/13/1994
Shri. Gopal,Sharma,Male,gopal.sharma@example.com,4/26/1989
Smt. Heena,Parveen,Female,heena.parveen@example.com,9/9/1992
Mr. Irfan,Pathak,Male,irfan.pathak@example.com,2/22/1987
Ms. Jaya,Pradha,Female,jaya.pradha@example.com,7/5/1993
Lt. Karan,Malhotra,Male,karan.malhotra@example.com,12/18/1986
Mrs. Laxmi,Bai,Female,laxmi.bai@example.com,5/1/1991
Mr. Mahendra,Singh,Male,mahendra.singh@example.com,10/14/1988
Ms. Nandini,Patel,Female,nandini.patel@example.com,3/27/1995
Dr. Omkar,Nath,Male,omkar.nath@example.com,8/10/1982
Mrs. Pratima,Devi,Female,pratima.devi@example.com,1/23/1993
Mr. Qamaruddin,Shaikh,Male,qamar.shaikh@example.com,6/6/1986
Ms. Rani,Mukherjee,Female,rani.mukherjee@example.com,11/19/1994
Shri. Soham,Basu,Male,soham.basu@example.com,4/2/1989
Smt. Tanuja,Mukherjee,Female,tanuja.mukherjee@example.com,9/15/1992
Mr. Umesh,Yadav,Male,umesh.yadav@example.com,2/28/1987
Ms. Varsha,Usgaonkar,Female,varsha.usgaonkar@example.com,7/11/1993
Mr. Waqar,Khan,Male,waqar.khan@example.com,12/24/1988
Mrs. Yasmin,Khan,Female,yasmin.khan@example.com,5/7/1991
Shri. Zubair,Ahmed,Male,zubair.ahmed@example.com,10/20/1986
Kum. Aasma,Bano,Female,aasma.bano@example.com,3/3/1997
Mr. Bablu,Kumar,Male,bablu.kumar@example.com,8/16/1985
Dr. Champa,Devi,Female,champa.devi@example.com,1/29/1981
Mrs. Deepika,Padukone,Female,deepika.padukone@example.com,6/12/1990
Mr. Eknath,Gaikwad,Male,eknath.gaikwad@example.com,11/25/1987
Ms. Farzana,Sheikh,Female,farzana.sheikh@example.com,4/8/1994
Shri. Ganesh,Pandit,Male,ganesh.pandit@example.com,9/21/1989
Smt. Haseena,Parveen,Female,haseena.parveen@example.com,2/4/1992
Mr. Imran,Hashmi,Male,imran.hashmi@example.com,7/17/1987
Ms. Jaya,Bachchan,Female,jaya.bachchan@example.com,12/30/1993
Lt. Kaushik,Roy,Male,kaushik.roy@example.com,5/13/1986
Mrs. Laila,Khan,Female,laila.khan@example.com,10/26/1991
Mr. Manish,Paul,Male,manish.paul@example.com,4/9/1988
Ms. Naina,Das,Female,naina.das@example.com,9/22/1995
Dr. Omkar,Sharma,Male,omkar.sharma@example.com,2/5/1982
Mrs. Pooja,Bhatt,Female,pooja.bhatt@example.com,7/18/1993
Mr. Qutub,Ali,Male,qutub.ali@example.com,12/1/1986
Ms. Raveena,Tandon,Female,raveena.tandon@example.com,5/14/1994
Shri. Samar,Jeet,Male,samar.jeet@example.com,10/27/1989
Smt. Tanisha,Mukherjee,Female,tanisha.mukherjee@example.com,3/10/1992
Mr. Uday,Shankar,Male,uday.shankar@example.com,8/23/1987
Ms. Vaidehi,Joshi,Female,vaidehi.joshi@example.com,1/6/1993
Mr. Waseem,Raja,Male,waseem.raja@example.com,6/19/1988
Mrs. Yasmeen,Kapoor,Female,yasmeen.kapoor@example.com,11/2/1991
Shri. Zeeshan,Akhtar,Male,zeeshan.akhtar@example.com,4/15/1986
Kum. Aayushi,Sharma,Female,aayushi.sharma@example.com,9/28/1997
Mr. Babulal,Yadav,Male,babulal.yadav@example.com,3/11/1985
Dr. Charu,Sharma,Female,charu.sharma@example.com,8/24/1981
Mrs. Deepa,Mehta,Female,deepa.mehta@example.com,1/7/1990
Mr. Ehsan,Jafri,Male,ehsan.jafri@example.com,6/20/1987
Ms. Farheen,Bano,Female,farheen.bano@example.com,11/3/1994
Shri. Gopal,Krishna,Male,gopal.krishna@example.com,4/16/1989
Smt. Hema,Chauhan,Female,hema.chauhan@example.com,9/29/1992
Mr. Imtiyaz,Ali,Male,imtiyaz.ali@example.com,2/10/1987
Ms. Jaya,Prada,Female,jaya.prada@example.com,7/23/1993
Lt. Kailash,Seth,Male,kailash.seth@example.com,12/6/1986
Mrs. Leena,Patel,Female,leena.patel@example.com,5/19/1991
Mr. Manoj,Kumar,Male,manoj.kumar@example.com,10/2/1988
Ms. Neetu,Kapoor,Female,neetu.kapoor@example.com,3/15/1995
Dr. Om,Prakash,Male,om.prakash@example.com,8/28/1982
Mrs. Poonam,Sharma,Female,poonam.sharma@example.com,1/11/1993
Mr. Qamar,Ahmed,Male,qamar.ahmed@example.com,6/24/1986
Ms. Rani,Devi,Female,rani.devi@example.com,11/7/1994
Shri. Samar,Singh,Male,samar.singh@example.com,4/20/1989
Smt. Tanvi,Shah,Female,tanvi.shah@example.com,9/3/1992
Mr. Udit,Narayan,Male,udit.narayan@example.com,2/16/1987
Ms. Vani,Kapoor,Female,vani.kapoor@example.com,7/29/1993
Mr. Wahab,Khan,Male,wahab.khan@example.com,12/12/1988
Mrs. Yasmin,Sheikh,Female,yasmin.sheikh@example.com,5/25/1991
Shri. Zafar,Iqbal,Male,zafar.iqbal@example.com,10/8/1986
Kum. Aashi,Kapoor,Female,aashi.kapoor@example.com,3/21/1997
Mr. Babar,Khan,Male,babar.khan@example.com,8/4/1985
Dr. Chanda,Kochhar,Female,chanda.kochhar@example.com,1/17/1981
Mrs. Deepika,Sharma,Female,deepika.sharma@example.com,6/30/1990
Mr. Eknath,Shinde,Male,eknath.shinde@example.com,11/13/1987
Ms. Farida,Jalal,Female,,
